2025-11-05 20:30:39,671 - __main__ - INFO - ブラウザを起動中...
2025-11-05 20:30:42,744 - __main__ - INFO - ブラウザの初期化が完了しました
2025-11-05 20:30:42,744 - __main__ - INFO - ============================================================
2025-11-05 20:30:42,745 - __main__ - INFO - テストデータを生成中...
2025-11-05 20:30:42,745 - __main__ - INFO - ============================================================
2025-11-05 20:30:42,745 - __main__ - INFO - 生成されたデータ:
2025-11-05 20:30:42,745 - __main__ - INFO -   ニックネーム: ガチ勢
2025-11-05 20:30:42,745 - __main__ - INFO -   姓名: 木村 智子
2025-11-05 20:30:42,745 - __main__ - INFO -   郵便番号: 100-0005
2025-11-05 20:30:42,745 - __main__ - INFO -   住所: 東京都千代田区丸の内
2025-11-05 20:30:42,745 - __main__ - INFO - ============================================================
2025-11-05 20:30:42,745 - __main__ - INFO - 捨てメアドで期限つきアドレスを作成中...
2025-11-05 20:30:42,745 - __main__ - INFO - ============================================================
2025-11-05 20:30:42,745 - src.temp_mail - INFO - 捨てメアドサイトにアクセス中...
2025-11-05 20:30:46,706 - src.temp_mail - INFO - 期限つきの使い捨てアドレスを追加ボタンをクリック...
2025-11-05 20:30:48,375 - src.temp_mail - INFO - 利用規約に同意...
2025-11-05 20:30:50,897 - src.temp_mail - INFO - アドレスをコピー...
2025-11-05 20:30:52,466 - src.temp_mail - INFO - 作成されたメールアドレス: hepe129@rapt.be
2025-11-05 20:30:52,466 - __main__ - INFO - 作成されたメールアドレス: hepe129@rapt.be
2025-11-05 20:30:52,466 - __main__ - INFO - ============================================================
2025-11-05 20:30:52,466 - __main__ - INFO - TIF Streamingサイトでメールアドレスを登録中...
2025-11-05 20:30:52,466 - __main__ - INFO - ============================================================
2025-11-05 20:30:52,466 - src.registration - INFO - TIF Streaming登録ページにアクセス...
2025-11-05 20:30:54,731 - src.registration - INFO - メールアドレスを入力...
2025-11-05 20:30:55,267 - src.registration - INFO - 利用規約に同意...
2025-11-05 20:31:27,801 - src.registration - INFO - TIF Streaming登録ページにアクセス...
2025-11-05 20:31:29,245 - src.registration - INFO - メールアドレスを入力...
2025-11-05 20:31:29,778 - src.registration - INFO - 利用規約に同意...
2025-11-05 20:31:52,846 - __main__ - INFO - ブラウザを起動中...
2025-11-05 20:31:57,403 - __main__ - INFO - ブラウザの初期化が完了しました
2025-11-05 20:31:57,405 - __main__ - INFO - ============================================================
2025-11-05 20:31:57,406 - __main__ - INFO - テストデータを生成中...
2025-11-05 20:31:57,406 - __main__ - INFO - ============================================================
2025-11-05 20:31:57,406 - __main__ - INFO - 生成されたデータ:
2025-11-05 20:31:57,406 - __main__ - INFO -   ニックネーム: プロゲーマー
2025-11-05 20:31:57,406 - __main__ - INFO -   姓名: 山本 誠
2025-11-05 20:31:57,406 - __main__ - INFO -   郵便番号: 464-0850
2025-11-05 20:31:57,406 - __main__ - INFO -   住所: 愛知県名古屋市千種区今池
2025-11-05 20:31:57,406 - __main__ - INFO - ============================================================
2025-11-05 20:31:57,406 - __main__ - INFO - 捨てメアドで期限つきアドレスを作成中...
2025-11-05 20:31:57,406 - __main__ - INFO - ============================================================
2025-11-05 20:31:57,406 - src.temp_mail - INFO - 捨てメアドサイトにアクセス中...
2025-11-05 20:32:02,011 - src.temp_mail - INFO - 期限つきの使い捨てアドレスを追加ボタンをクリック...
2025-11-05 20:32:03,622 - src.temp_mail - INFO - 利用規約に同意...
2025-11-05 20:32:06,143 - src.temp_mail - INFO - アドレスをコピー...
2025-11-05 20:32:07,754 - src.temp_mail - INFO - 作成されたメールアドレス: nenure@instmail.uk
2025-11-05 20:32:07,754 - __main__ - INFO - 作成されたメールアドレス: nenure@instmail.uk
2025-11-05 20:32:07,754 - __main__ - INFO - ============================================================
2025-11-05 20:32:07,754 - __main__ - INFO - TIF Streamingサイトでメールアドレスを登録中...
2025-11-05 20:32:07,754 - __main__ - INFO - ============================================================
2025-11-05 20:32:07,754 - src.registration - INFO - TIF Streaming登録ページにアクセス...
2025-11-05 20:32:09,842 - src.registration - INFO - メールアドレスを入力...
2025-11-05 20:32:10,369 - src.registration - INFO - 利用規約に同意...
2025-11-05 20:32:42,895 - src.registration - INFO - TIF Streaming登録ページにアクセス...
2025-11-05 20:32:44,269 - src.registration - INFO - メールアドレスを入力...
2025-11-05 20:32:44,805 - src.registration - INFO - 利用規約に同意...
2025-11-05 20:33:17,329 - src.registration - INFO - TIF Streaming登録ページにアクセス...
2025-11-05 20:33:18,775 - src.registration - INFO - メールアドレスを入力...
2025-11-05 20:33:19,339 - src.registration - INFO - 利用規約に同意...
2025-11-05 20:34:21,613 - __main__ - INFO - ブラウザを起動中...
2025-11-05 20:34:25,711 - __main__ - INFO - ブラウザの初期化が完了しました
2025-11-05 20:34:25,716 - __main__ - INFO - ============================================================
2025-11-05 20:34:25,716 - __main__ - INFO - テストデータを生成中...
2025-11-05 20:34:25,716 - __main__ - INFO - ============================================================
2025-11-05 20:34:25,717 - __main__ - INFO - 生成されたデータ:
2025-11-05 20:34:25,717 - __main__ - INFO -   ニックネーム: Ken
2025-11-05 20:34:25,717 - __main__ - INFO -   姓名: 小林 恵子
2025-11-05 20:34:25,717 - __main__ - INFO -   郵便番号: 317-0073
2025-11-05 20:34:25,717 - __main__ - INFO -   住所: 茨城県日立市幸町
2025-11-05 20:34:25,717 - __main__ - INFO - ============================================================
2025-11-05 20:34:25,717 - __main__ - INFO - 捨てメアドで期限つきアドレスを作成中...
2025-11-05 20:34:25,717 - __main__ - INFO - ============================================================
2025-11-05 20:34:25,718 - src.temp_mail - INFO - 捨てメアドサイトにアクセス中...
2025-11-05 20:34:58,368 - src.temp_mail - INFO - 捨てメアドサイトにアクセス中...
2025-11-05 20:35:25,754 - src.temp_mail - INFO - 期限つきの使い捨てアドレスを追加ボタンをクリック...
2025-11-05 20:35:28,656 - src.temp_mail - INFO - 利用規約に同意...
2025-11-05 20:35:31,190 - src.temp_mail - INFO - アドレスをコピー...
2025-11-05 20:35:32,823 - src.temp_mail - INFO - 作成されたメールアドレス: punyogo@instaddr.ch
2025-11-05 20:35:32,824 - __main__ - INFO - 作成されたメールアドレス: punyogo@instaddr.ch
2025-11-05 20:35:32,824 - __main__ - INFO - ============================================================
2025-11-05 20:35:32,824 - __main__ - INFO - TIF Streamingサイトでメールアドレスを登録中...
2025-11-05 20:35:32,824 - __main__ - INFO - ============================================================
2025-11-05 20:35:32,824 - src.registration - INFO - TIF Streaming登録ページにアクセス...
2025-11-05 20:35:34,459 - src.registration - INFO - メールアドレスを入力...
2025-11-05 20:35:35,026 - src.registration - INFO - 利用規約に同意...
2025-11-05 20:36:07,568 - src.registration - INFO - TIF Streaming登録ページにアクセス...
2025-11-05 20:36:47,789 - __main__ - INFO - ブラウザを起動中...
2025-11-05 20:36:51,955 - __main__ - INFO - ブラウザの初期化が完了しました
2025-11-05 20:36:51,956 - __main__ - INFO - ============================================================
2025-11-05 20:36:51,956 - __main__ - INFO - テストデータを生成中...
2025-11-05 20:36:51,956 - __main__ - INFO - ============================================================
2025-11-05 20:36:51,956 - __main__ - INFO - 生成されたデータ:
2025-11-05 20:36:51,956 - __main__ - INFO -   ニックネーム: Kate
2025-11-05 20:36:51,956 - __main__ - INFO -   姓名: 山本 拓也
2025-11-05 20:36:51,956 - __main__ - INFO -   郵便番号: 327-0842
2025-11-05 20:36:51,956 - __main__ - INFO -   住所: 栃木県佐野市奈良渕町
2025-11-05 20:36:51,956 - __main__ - INFO - ============================================================
2025-11-05 20:36:51,956 - __main__ - INFO - 捨てメアドで期限つきアドレスを作成中...
2025-11-05 20:36:51,956 - __main__ - INFO - ============================================================
2025-11-05 20:36:51,956 - src.temp_mail - INFO - 捨てメアドサイトにアクセス中...
2025-11-05 20:37:24,475 - src.temp_mail - INFO - 捨てメアドサイトにアクセス中...
2025-11-05 20:37:57,011 - src.temp_mail - INFO - 捨てメアドサイトにアクセス中...
2025-11-05 20:38:36,199 - __main__ - INFO - ブラウザを起動中...
2025-11-05 20:38:38,417 - __main__ - INFO - ブラウザの初期化が完了しました
2025-11-05 20:38:38,417 - __main__ - INFO - ============================================================
2025-11-05 20:38:38,417 - __main__ - INFO - テストデータを生成中...
2025-11-05 20:38:38,417 - __main__ - INFO - ============================================================
2025-11-05 20:38:38,418 - __main__ - INFO - 生成されたデータ:
2025-11-05 20:38:38,418 - __main__ - INFO -   ニックネーム: Tom
2025-11-05 20:38:38,418 - __main__ - INFO -   姓名: 中村 拓也
2025-11-05 20:38:38,418 - __main__ - INFO -   郵便番号: 324-0047
2025-11-05 20:38:38,418 - __main__ - INFO -   住所: 栃木県大田原市美原
2025-11-05 20:38:38,418 - __main__ - INFO - ============================================================
2025-11-05 20:38:38,418 - __main__ - INFO - 捨てメアドで期限つきアドレスを作成中...
2025-11-05 20:38:38,418 - __main__ - INFO - ============================================================
2025-11-05 20:38:38,418 - src.temp_mail - INFO - 捨てメアドサイトにアクセス中...
2025-11-05 20:39:15,225 - src.temp_mail - INFO - 捨てメアドサイトにアクセス中...
2025-11-05 20:39:51,576 - src.temp_mail - INFO - 捨てメアドサイトにアクセス中...
2025-11-05 20:39:58,956 - __main__ - ERROR - エラーが発生しました: RetryError[<Future at 0x105737b00 state=finished raised Error>]
Traceback (most recent call last):
  File "/Users/kou1904/voteBot/.venv/lib/python3.12/site-packages/tenacity/asyncio/__init__.py", line 114, in __call__
    result = await fn(*args, **kwargs)
             ^^^^^^^^^^^^^^^^^^^^^^^^^
  File "/Users/kou1904/voteBot/src/temp_mail.py", line 27, in create_temporary_address
    await self.page.wait_for_load_state("networkidle", timeout=30000)
  File "/Users/kou1904/voteBot/.venv/lib/python3.12/site-packages/playwright/async_api/_generated.py", line 9088, in wait_for_load_state
    await self._impl_obj.wait_for_load_state(state=state, timeout=timeout)
  File "/Users/kou1904/voteBot/.venv/lib/python3.12/site-packages/playwright/_impl/_page.py", line 576, in wait_for_load_state
    return await self._main_frame.wait_for_load_state(**locals_to_params(locals()))
           ^^^^^^^^^^^^^^^^^^^^^^^^^^^^^^^^^^^^^^^^^^^^^^^^^^^^^^^^^^^^^^^^^^^^^^^^
  File "/Users/kou1904/voteBot/.venv/lib/python3.12/site-packages/playwright/_impl/_frame.py", line 273, in wait_for_load_state
    return await self._wait_for_load_state_impl(state, timeout)
           ^^^^^^^^^^^^^^^^^^^^^^^^^^^^^^^^^^^^^^^^^^^^^^^^^^^^
  File "/Users/kou1904/voteBot/.venv/lib/python3.12/site-packages/playwright/_impl/_frame.py", line 301, in _wait_for_load_state_impl
    await waiter.result()
playwright._impl._errors.Error: Target page, context or browser has been closed

The above exception was the direct cause of the following exception:

Traceback (most recent call last):
  File "/Users/kou1904/voteBot/src/main.py", line 122, in run
    email_address = await temp_mail_service.create_temporary_address()
                    ^^^^^^^^^^^^^^^^^^^^^^^^^^^^^^^^^^^^^^^^^^^^^^^^^^
  File "/Users/kou1904/voteBot/.venv/lib/python3.12/site-packages/tenacity/asyncio/__init__.py", line 189, in async_wrapped
    return await copy(fn, *args, **kwargs)
           ^^^^^^^^^^^^^^^^^^^^^^^^^^^^^^^
  File "/Users/kou1904/voteBot/.venv/lib/python3.12/site-packages/tenacity/asyncio/__init__.py", line 111, in __call__
    do = await self.iter(retry_state=retry_state)
         ^^^^^^^^^^^^^^^^^^^^^^^^^^^^^^^^^^^^^^^^
  File "/Users/kou1904/voteBot/.venv/lib/python3.12/site-packages/tenacity/asyncio/__init__.py", line 153, in iter
    result = await action(retry_state)
             ^^^^^^^^^^^^^^^^^^^^^^^^^
  File "/Users/kou1904/voteBot/.venv/lib/python3.12/site-packages/tenacity/_utils.py", line 99, in inner
    return call(*args, **kwargs)
           ^^^^^^^^^^^^^^^^^^^^^
  File "/Users/kou1904/voteBot/.venv/lib/python3.12/site-packages/tenacity/__init__.py", line 421, in exc_check
    raise retry_exc from fut.exception()
tenacity.RetryError: RetryError[<Future at 0x105737b00 state=finished raised Error>]
2025-11-05 20:40:00,988 - __main__ - INFO - ============================================================
2025-11-05 20:40:00,988 - __main__ - INFO - テストデータを生成中...
2025-11-05 20:40:00,988 - __main__ - INFO - ============================================================
2025-11-05 20:40:00,989 - __main__ - INFO - 生成されたデータ:
2025-11-05 20:40:00,989 - __main__ - INFO -   ニックネーム: ナイト
2025-11-05 20:40:00,989 - __main__ - INFO -   姓名: 林 花子
2025-11-05 20:40:00,989 - __main__ - INFO -   郵便番号: 980-0811
2025-11-05 20:40:00,989 - __main__ - INFO -   住所: 宮城県仙台市青葉区一番町
2025-11-05 20:40:00,989 - __main__ - INFO - ============================================================
2025-11-05 20:40:00,990 - __main__ - INFO - 捨てメアドで期限つきアドレスを作成中...
2025-11-05 20:40:00,990 - __main__ - INFO - ============================================================
2025-11-05 20:40:00,990 - src.temp_mail - INFO - 捨てメアドサイトにアクセス中...
2025-11-05 20:40:02,995 - src.temp_mail - INFO - 捨てメアドサイトにアクセス中...
2025-11-05 20:40:13,976 - __main__ - INFO - ブラウザを起動中...
2025-11-05 20:40:16,483 - __main__ - INFO - ブラウザの初期化が完了しました
2025-11-05 20:40:16,484 - __main__ - INFO - ============================================================
2025-11-05 20:40:16,484 - __main__ - INFO - テストデータを生成中...
2025-11-05 20:40:16,484 - __main__ - INFO - ============================================================
2025-11-05 20:40:16,484 - __main__ - INFO - 生成されたデータ:
2025-11-05 20:40:16,484 - __main__ - INFO -   ニックネーム: Shin
2025-11-05 20:40:16,484 - __main__ - INFO -   姓名: 鈴木 舞
2025-11-05 20:40:16,484 - __main__ - INFO -   郵便番号: 328-0037
2025-11-05 20:40:16,484 - __main__ - INFO -   住所: 栃木県栃木市倭町
2025-11-05 20:40:16,484 - __main__ - INFO - ============================================================
2025-11-05 20:40:16,484 - __main__ - INFO - 捨てメアドで期限つきアドレスを作成中...
2025-11-05 20:40:16,484 - __main__ - INFO - ============================================================
2025-11-05 20:40:16,484 - src.temp_mail - INFO - 捨てメアドサイトにアクセス中...
2025-11-05 20:40:27,743 - src.temp_mail - WARNING - networkidle待機中にエラー: Target page, context or browser has been closed。domcontentloadedを確認します...
2025-11-05 20:40:27,746 - src.temp_mail - INFO - 期限つきの使い捨てアドレスを追加ボタンをクリック...
2025-11-05 20:40:29,752 - src.temp_mail - INFO - 捨てメアドサイトにアクセス中...
2025-11-05 20:40:31,768 - src.temp_mail - INFO - 捨てメアドサイトにアクセス中...
2025-11-05 20:40:31,770 - __main__ - ERROR - エラーが発生しました: RetryError[<Future at 0x10611a780 state=finished raised TargetClosedError>]
Traceback (most recent call last):
  File "/Users/kou1904/voteBot/.venv/lib/python3.12/site-packages/tenacity/asyncio/__init__.py", line 114, in __call__
    result = await fn(*args, **kwargs)
             ^^^^^^^^^^^^^^^^^^^^^^^^^
  File "/Users/kou1904/voteBot/src/temp_mail.py", line 20, in create_temporary_address
    await self.page.goto("https://m.kuku.lu/ja.php", wait_until="domcontentloaded", timeout=60000)
  File "/Users/kou1904/voteBot/.venv/lib/python3.12/site-packages/playwright/async_api/_generated.py", line 8992, in goto
    await self._impl_obj.goto(
  File "/Users/kou1904/voteBot/.venv/lib/python3.12/site-packages/playwright/_impl/_page.py", line 556, in goto
    return await self._main_frame.goto(**locals_to_params(locals()))
           ^^^^^^^^^^^^^^^^^^^^^^^^^^^^^^^^^^^^^^^^^^^^^^^^^^^^^^^^^
  File "/Users/kou1904/voteBot/.venv/lib/python3.12/site-packages/playwright/_impl/_frame.py", line 153, in goto
    await self._channel.send(
  File "/Users/kou1904/voteBot/.venv/lib/python3.12/site-packages/playwright/_impl/_connection.py", line 69, in send
    return await self._connection.wrap_api_call(
           ^^^^^^^^^^^^^^^^^^^^^^^^^^^^^^^^^^^^^
  File "/Users/kou1904/voteBot/.venv/lib/python3.12/site-packages/playwright/_impl/_connection.py", line 558, in wrap_api_call
    raise rewrite_error(error, f"{parsed_st['apiName']}: {error}") from None
playwright._impl._errors.TargetClosedError: Page.goto: Target page, context or browser has been closed

The above exception was the direct cause of the following exception:

Traceback (most recent call last):
  File "/Users/kou1904/voteBot/src/main.py", line 122, in run
    email_address = await temp_mail_service.create_temporary_address()
                    ^^^^^^^^^^^^^^^^^^^^^^^^^^^^^^^^^^^^^^^^^^^^^^^^^^
  File "/Users/kou1904/voteBot/.venv/lib/python3.12/site-packages/tenacity/asyncio/__init__.py", line 189, in async_wrapped
    return await copy(fn, *args, **kwargs)
           ^^^^^^^^^^^^^^^^^^^^^^^^^^^^^^^
  File "/Users/kou1904/voteBot/.venv/lib/python3.12/site-packages/tenacity/asyncio/__init__.py", line 111, in __call__
    do = await self.iter(retry_state=retry_state)
         ^^^^^^^^^^^^^^^^^^^^^^^^^^^^^^^^^^^^^^^^
  File "/Users/kou1904/voteBot/.venv/lib/python3.12/site-packages/tenacity/asyncio/__init__.py", line 153, in iter
    result = await action(retry_state)
             ^^^^^^^^^^^^^^^^^^^^^^^^^
  File "/Users/kou1904/voteBot/.venv/lib/python3.12/site-packages/tenacity/_utils.py", line 99, in inner
    return call(*args, **kwargs)
           ^^^^^^^^^^^^^^^^^^^^^
  File "/Users/kou1904/voteBot/.venv/lib/python3.12/site-packages/tenacity/__init__.py", line 421, in exc_check
    raise retry_exc from fut.exception()
tenacity.RetryError: RetryError[<Future at 0x10611a780 state=finished raised TargetClosedError>]
2025-11-05 20:40:33,778 - __main__ - INFO - ============================================================
2025-11-05 20:40:33,779 - __main__ - INFO - テストデータを生成中...
2025-11-05 20:40:33,779 - __main__ - INFO - ============================================================
2025-11-05 20:40:33,779 - __main__ - INFO - 生成されたデータ:
2025-11-05 20:40:33,779 - __main__ - INFO -   ニックネーム: ドラゴン
2025-11-05 20:40:33,779 - __main__ - INFO -   姓名: 前田 翔
2025-11-05 20:40:33,779 - __main__ - INFO -   郵便番号: 530-0001
2025-11-05 20:40:33,779 - __main__ - INFO -   住所: 大阪府大阪市北区梅田
2025-11-05 20:40:33,779 - __main__ - INFO - ============================================================
2025-11-05 20:40:33,779 - __main__ - INFO - 捨てメアドで期限つきアドレスを作成中...
2025-11-05 20:40:33,779 - __main__ - INFO - ============================================================
2025-11-05 20:40:33,779 - src.temp_mail - INFO - 捨てメアドサイトにアクセス中...
2025-11-05 20:40:35,784 - src.temp_mail - INFO - 捨てメアドサイトにアクセス中...
2025-11-05 20:40:37,793 - src.temp_mail - INFO - 捨てメアドサイトにアクセス中...
2025-11-05 20:40:37,796 - __main__ - ERROR - エラーが発生しました: RetryError[<Future at 0x10611b710 state=finished raised TargetClosedError>]
Traceback (most recent call last):
  File "/Users/kou1904/voteBot/.venv/lib/python3.12/site-packages/tenacity/asyncio/__init__.py", line 114, in __call__
    result = await fn(*args, **kwargs)
             ^^^^^^^^^^^^^^^^^^^^^^^^^
  File "/Users/kou1904/voteBot/src/temp_mail.py", line 20, in create_temporary_address
    await self.page.goto("https://m.kuku.lu/ja.php", wait_until="domcontentloaded", timeout=60000)
  File "/Users/kou1904/voteBot/.venv/lib/python3.12/site-packages/playwright/async_api/_generated.py", line 8992, in goto
    await self._impl_obj.goto(
  File "/Users/kou1904/voteBot/.venv/lib/python3.12/site-packages/playwright/_impl/_page.py", line 556, in goto
    return await self._main_frame.goto(**locals_to_params(locals()))
           ^^^^^^^^^^^^^^^^^^^^^^^^^^^^^^^^^^^^^^^^^^^^^^^^^^^^^^^^^
  File "/Users/kou1904/voteBot/.venv/lib/python3.12/site-packages/playwright/_impl/_frame.py", line 153, in goto
    await self._channel.send(
  File "/Users/kou1904/voteBot/.venv/lib/python3.12/site-packages/playwright/_impl/_connection.py", line 69, in send
    return await self._connection.wrap_api_call(
           ^^^^^^^^^^^^^^^^^^^^^^^^^^^^^^^^^^^^^
  File "/Users/kou1904/voteBot/.venv/lib/python3.12/site-packages/playwright/_impl/_connection.py", line 558, in wrap_api_call
    raise rewrite_error(error, f"{parsed_st['apiName']}: {error}") from None
playwright._impl._errors.TargetClosedError: Page.goto: Target page, context or browser has been closed

The above exception was the direct cause of the following exception:

Traceback (most recent call last):
  File "/Users/kou1904/voteBot/src/main.py", line 122, in run
    email_address = await temp_mail_service.create_temporary_address()
                    ^^^^^^^^^^^^^^^^^^^^^^^^^^^^^^^^^^^^^^^^^^^^^^^^^^
  File "/Users/kou1904/voteBot/.venv/lib/python3.12/site-packages/tenacity/asyncio/__init__.py", line 189, in async_wrapped
    return await copy(fn, *args, **kwargs)
           ^^^^^^^^^^^^^^^^^^^^^^^^^^^^^^^
  File "/Users/kou1904/voteBot/.venv/lib/python3.12/site-packages/tenacity/asyncio/__init__.py", line 111, in __call__
    do = await self.iter(retry_state=retry_state)
         ^^^^^^^^^^^^^^^^^^^^^^^^^^^^^^^^^^^^^^^^
  File "/Users/kou1904/voteBot/.venv/lib/python3.12/site-packages/tenacity/asyncio/__init__.py", line 153, in iter
    result = await action(retry_state)
             ^^^^^^^^^^^^^^^^^^^^^^^^^
  File "/Users/kou1904/voteBot/.venv/lib/python3.12/site-packages/tenacity/_utils.py", line 99, in inner
    return call(*args, **kwargs)
           ^^^^^^^^^^^^^^^^^^^^^
  File "/Users/kou1904/voteBot/.venv/lib/python3.12/site-packages/tenacity/__init__.py", line 421, in exc_check
    raise retry_exc from fut.exception()
tenacity.RetryError: RetryError[<Future at 0x10611b710 state=finished raised TargetClosedError>]
2025-11-05 20:40:39,804 - __main__ - INFO - ============================================================
2025-11-05 20:40:39,805 - __main__ - INFO - テストデータを生成中...
2025-11-05 20:40:39,805 - __main__ - INFO - ============================================================
2025-11-05 20:40:39,805 - __main__ - INFO - 生成されたデータ:
2025-11-05 20:40:39,805 - __main__ - INFO -   ニックネーム: ひろちゃん
2025-11-05 20:40:39,805 - __main__ - INFO -   姓名: 山本 翔太
2025-11-05 20:40:39,805 - __main__ - INFO -   郵便番号: 542-0081
2025-11-05 20:40:39,805 - __main__ - INFO -   住所: 大阪府大阪市中央区南船場
2025-11-05 20:40:39,805 - __main__ - INFO - ============================================================
2025-11-05 20:40:39,805 - __main__ - INFO - 捨てメアドで期限つきアドレスを作成中...
2025-11-05 20:40:39,805 - __main__ - INFO - ============================================================
2025-11-05 20:40:39,806 - src.temp_mail - INFO - 捨てメアドサイトにアクセス中...
2025-11-05 20:40:41,820 - src.temp_mail - INFO - 捨てメアドサイトにアクセス中...
2025-11-05 20:40:43,827 - src.temp_mail - INFO - 捨てメアドサイトにアクセス中...
2025-11-05 20:40:43,831 - __main__ - ERROR - エラーが発生しました: RetryError[<Future at 0x10611ae40 state=finished raised TargetClosedError>]
Traceback (most recent call last):
  File "/Users/kou1904/voteBot/.venv/lib/python3.12/site-packages/tenacity/asyncio/__init__.py", line 114, in __call__
    result = await fn(*args, **kwargs)
             ^^^^^^^^^^^^^^^^^^^^^^^^^
  File "/Users/kou1904/voteBot/src/temp_mail.py", line 20, in create_temporary_address
    await self.page.goto("https://m.kuku.lu/ja.php", wait_until="domcontentloaded", timeout=60000)
  File "/Users/kou1904/voteBot/.venv/lib/python3.12/site-packages/playwright/async_api/_generated.py", line 8992, in goto
    await self._impl_obj.goto(
  File "/Users/kou1904/voteBot/.venv/lib/python3.12/site-packages/playwright/_impl/_page.py", line 556, in goto
    return await self._main_frame.goto(**locals_to_params(locals()))
           ^^^^^^^^^^^^^^^^^^^^^^^^^^^^^^^^^^^^^^^^^^^^^^^^^^^^^^^^^
  File "/Users/kou1904/voteBot/.venv/lib/python3.12/site-packages/playwright/_impl/_frame.py", line 153, in goto
    await self._channel.send(
  File "/Users/kou1904/voteBot/.venv/lib/python3.12/site-packages/playwright/_impl/_connection.py", line 69, in send
    return await self._connection.wrap_api_call(
           ^^^^^^^^^^^^^^^^^^^^^^^^^^^^^^^^^^^^^
  File "/Users/kou1904/voteBot/.venv/lib/python3.12/site-packages/playwright/_impl/_connection.py", line 558, in wrap_api_call
    raise rewrite_error(error, f"{parsed_st['apiName']}: {error}") from None
playwright._impl._errors.TargetClosedError: Page.goto: Target page, context or browser has been closed

The above exception was the direct cause of the following exception:

Traceback (most recent call last):
  File "/Users/kou1904/voteBot/src/main.py", line 122, in run
    email_address = await temp_mail_service.create_temporary_address()
                    ^^^^^^^^^^^^^^^^^^^^^^^^^^^^^^^^^^^^^^^^^^^^^^^^^^
  File "/Users/kou1904/voteBot/.venv/lib/python3.12/site-packages/tenacity/asyncio/__init__.py", line 189, in async_wrapped
    return await copy(fn, *args, **kwargs)
           ^^^^^^^^^^^^^^^^^^^^^^^^^^^^^^^
  File "/Users/kou1904/voteBot/.venv/lib/python3.12/site-packages/tenacity/asyncio/__init__.py", line 111, in __call__
    do = await self.iter(retry_state=retry_state)
         ^^^^^^^^^^^^^^^^^^^^^^^^^^^^^^^^^^^^^^^^
  File "/Users/kou1904/voteBot/.venv/lib/python3.12/site-packages/tenacity/asyncio/__init__.py", line 153, in iter
    result = await action(retry_state)
             ^^^^^^^^^^^^^^^^^^^^^^^^^
  File "/Users/kou1904/voteBot/.venv/lib/python3.12/site-packages/tenacity/_utils.py", line 99, in inner
    return call(*args, **kwargs)
           ^^^^^^^^^^^^^^^^^^^^^
  File "/Users/kou1904/voteBot/.venv/lib/python3.12/site-packages/tenacity/__init__.py", line 421, in exc_check
    raise retry_exc from fut.exception()
tenacity.RetryError: RetryError[<Future at 0x10611ae40 state=finished raised TargetClosedError>]
2025-11-05 20:40:43,834 - __main__ - ERROR - 致命的なエラーが発生しました: RetryError[<Future at 0x10611b2c0 state=finished raised TargetClosedError>]
Traceback (most recent call last):
  File "/Users/kou1904/voteBot/.venv/lib/python3.12/site-packages/tenacity/asyncio/__init__.py", line 114, in __call__
    result = await fn(*args, **kwargs)
             ^^^^^^^^^^^^^^^^^^^^^^^^^
  File "/Users/kou1904/voteBot/src/main.py", line 169, in run
    await self.page.screenshot(path=str(screenshot_path), full_page=True)
  File "/Users/kou1904/voteBot/.venv/lib/python3.12/site-packages/playwright/async_api/_generated.py", line 9739, in screenshot
    await self._impl_obj.screenshot(
  File "/Users/kou1904/voteBot/.venv/lib/python3.12/site-packages/playwright/_impl/_page.py", line 818, in screenshot
    encoded_binary = await self._channel.send(
                     ^^^^^^^^^^^^^^^^^^^^^^^^^
  File "/Users/kou1904/voteBot/.venv/lib/python3.12/site-packages/playwright/_impl/_connection.py", line 69, in send
    return await self._connection.wrap_api_call(
           ^^^^^^^^^^^^^^^^^^^^^^^^^^^^^^^^^^^^^
  File "/Users/kou1904/voteBot/.venv/lib/python3.12/site-packages/playwright/_impl/_connection.py", line 558, in wrap_api_call
    raise rewrite_error(error, f"{parsed_st['apiName']}: {error}") from None
playwright._impl._errors.TargetClosedError: Page.screenshot: Target page, context or browser has been closed

The above exception was the direct cause of the following exception:

Traceback (most recent call last):
  File "/Users/kou1904/voteBot/src/main.py", line 182, in main
    await bot.run()
  File "/Users/kou1904/voteBot/.venv/lib/python3.12/site-packages/tenacity/asyncio/__init__.py", line 189, in async_wrapped
    return await copy(fn, *args, **kwargs)
           ^^^^^^^^^^^^^^^^^^^^^^^^^^^^^^^
  File "/Users/kou1904/voteBot/.venv/lib/python3.12/site-packages/tenacity/asyncio/__init__.py", line 111, in __call__
    do = await self.iter(retry_state=retry_state)
         ^^^^^^^^^^^^^^^^^^^^^^^^^^^^^^^^^^^^^^^^
  File "/Users/kou1904/voteBot/.venv/lib/python3.12/site-packages/tenacity/asyncio/__init__.py", line 153, in iter
    result = await action(retry_state)
             ^^^^^^^^^^^^^^^^^^^^^^^^^
  File "/Users/kou1904/voteBot/.venv/lib/python3.12/site-packages/tenacity/_utils.py", line 99, in inner
    return call(*args, **kwargs)
           ^^^^^^^^^^^^^^^^^^^^^
  File "/Users/kou1904/voteBot/.venv/lib/python3.12/site-packages/tenacity/__init__.py", line 421, in exc_check
    raise retry_exc from fut.exception()
tenacity.RetryError: RetryError[<Future at 0x10611b2c0 state=finished raised TargetClosedError>]
2025-11-05 20:40:44,027 - __main__ - INFO - ブラウザを終了しました
2025-11-05 20:41:17,217 - __main__ - INFO - ブラウザを起動中...
2025-11-05 20:41:22,721 - __main__ - INFO - ブラウザの初期化が完了しました
2025-11-05 20:41:22,732 - __main__ - INFO - ============================================================
2025-11-05 20:41:22,732 - __main__ - INFO - テストデータを生成中...
2025-11-05 20:41:22,732 - __main__ - INFO - ============================================================
2025-11-05 20:41:22,733 - __main__ - INFO - 生成されたデータ:
2025-11-05 20:41:22,733 - __main__ - INFO -   ニックネーム: Mika
2025-11-05 20:41:22,733 - __main__ - INFO -   姓名: 吉田 裕子
2025-11-05 20:41:22,733 - __main__ - INFO -   郵便番号: 471-0027
2025-11-05 20:41:22,733 - __main__ - INFO -   住所: 愛知県豊田市喜多町
2025-11-05 20:41:22,733 - __main__ - INFO - ============================================================
2025-11-05 20:41:22,733 - __main__ - INFO - 捨てメアドで期限つきアドレスを作成中...
2025-11-05 20:41:22,734 - __main__ - INFO - ============================================================
2025-11-05 20:41:22,734 - src.temp_mail - INFO - 捨てメアドサイトにアクセス中...
2025-11-05 20:41:30,710 - src.temp_mail - INFO - 期限つきの使い捨てアドレスを追加ボタンをクリック...
2025-11-05 20:41:32,771 - src.temp_mail - INFO - 利用規約に同意...
2025-11-05 20:41:35,809 - src.temp_mail - INFO - アドレスをコピー...
2025-11-05 20:41:37,922 - src.temp_mail - INFO - 作成されたメールアドレス: banenaza@fuwari.be
2025-11-05 20:41:37,923 - __main__ - INFO - 作成されたメールアドレス: banenaza@fuwari.be
2025-11-05 20:41:37,923 - __main__ - INFO - ============================================================
2025-11-05 20:41:37,923 - __main__ - INFO - TIF Streamingサイトでメールアドレスを登録中...
2025-11-05 20:41:37,923 - __main__ - INFO - ============================================================
2025-11-05 20:41:37,923 - src.registration - INFO - TIF Streaming登録ページにアクセス...
2025-11-05 20:41:42,590 - src.registration - INFO - メールアドレスを入力...
2025-11-05 20:41:43,634 - src.registration - INFO - 利用規約に同意...
2025-11-05 20:42:16,668 - src.registration - INFO - TIF Streaming登録ページにアクセス...
2025-11-05 20:42:20,959 - src.registration - INFO - メールアドレスを入力...
2025-11-05 20:42:21,989 - src.registration - INFO - 利用規約に同意...
2025-11-05 20:42:55,003 - src.registration - INFO - TIF Streaming登録ページにアクセス...
2025-11-05 20:42:59,266 - src.registration - INFO - メールアドレスを入力...
2025-11-05 20:43:00,312 - src.registration - INFO - 利用規約に同意...
2025-11-05 20:43:31,354 - __main__ - ERROR - エラーが発生しました: RetryError[<Future at 0x10679d010 state=finished raised TimeoutError>]
Traceback (most recent call last):
  File "/Users/kou1904/voteBot/.venv/lib/python3.12/site-packages/tenacity/asyncio/__init__.py", line 114, in __call__
    result = await fn(*args, **kwargs)
             ^^^^^^^^^^^^^^^^^^^^^^^^^
  File "/Users/kou1904/voteBot/src/registration.py", line 69, in submit_email_address
    logger.warning("label要素が見つかりません。テキストで検索します...")
    ^^^^^^^^^^^^^^^^^^^^^^
  File "/Users/kou1904/voteBot/.venv/lib/python3.12/site-packages/playwright/async_api/_generated.py", line 15407, in check
    await self._impl_obj.check(
  File "/Users/kou1904/voteBot/.venv/lib/python3.12/site-packages/playwright/_impl/_locator.py", line 145, in check
    return await self._frame.check(self._selector, strict=True, **params)
           ^^^^^^^^^^^^^^^^^^^^^^^^^^^^^^^^^^^^^^^^^^^^^^^^^^^^^^^^^^^^^^
  File "/Users/kou1904/voteBot/.venv/lib/python3.12/site-packages/playwright/_impl/_frame.py", line 829, in check
    await self._channel.send("check", self._timeout, locals_to_params(locals()))
  File "/Users/kou1904/voteBot/.venv/lib/python3.12/site-packages/playwright/_impl/_connection.py", line 69, in send
    return await self._connection.wrap_api_call(
           ^^^^^^^^^^^^^^^^^^^^^^^^^^^^^^^^^^^^^
  File "/Users/kou1904/voteBot/.venv/lib/python3.12/site-packages/playwright/_impl/_connection.py", line 558, in wrap_api_call
    raise rewrite_error(error, f"{parsed_st['apiName']}: {error}") from None
playwright._impl._errors.TimeoutError: Locator.check: Timeout 30000ms exceeded.
Call log:
  - waiting for locator("input[name=\"terms_agree\"]").first
    - locator resolved to <input value="1" type="checkbox" name="terms_agree" class="CpCheckBoxList__label__ui__input"/>
  - attempting click action
    2 × waiting for element to be visible, enabled and stable
      - element is not visible
    - retrying click action
    - waiting 20ms
    2 × waiting for element to be visible, enabled and stable
      - element is not visible
    - retrying click action
      - waiting 100ms
    58 × waiting for element to be visible, enabled and stable
       - element is not visible
     - retrying click action
       - waiting 500ms


The above exception was the direct cause of the following exception:

Traceback (most recent call last):
  File "/Users/kou1904/voteBot/src/main.py", line 130, in run
    await registration_service.submit_email_address(email_address)
  File "/Users/kou1904/voteBot/.venv/lib/python3.12/site-packages/tenacity/asyncio/__init__.py", line 189, in async_wrapped
    return await copy(fn, *args, **kwargs)
           ^^^^^^^^^^^^^^^^^^^^^^^^^^^^^^^
  File "/Users/kou1904/voteBot/.venv/lib/python3.12/site-packages/tenacity/asyncio/__init__.py", line 111, in __call__
    do = await self.iter(retry_state=retry_state)
         ^^^^^^^^^^^^^^^^^^^^^^^^^^^^^^^^^^^^^^^^
  File "/Users/kou1904/voteBot/.venv/lib/python3.12/site-packages/tenacity/asyncio/__init__.py", line 153, in iter
    result = await action(retry_state)
             ^^^^^^^^^^^^^^^^^^^^^^^^^
  File "/Users/kou1904/voteBot/.venv/lib/python3.12/site-packages/tenacity/_utils.py", line 99, in inner
    return call(*args, **kwargs)
           ^^^^^^^^^^^^^^^^^^^^^
  File "/Users/kou1904/voteBot/.venv/lib/python3.12/site-packages/tenacity/__init__.py", line 421, in exc_check
    raise retry_exc from fut.exception()
tenacity.RetryError: RetryError[<Future at 0x10679d010 state=finished raised TimeoutError>]
2025-11-05 20:43:31,863 - __main__ - INFO - エラー時のスクリーンショットを保存しました: error_screenshot.png
2025-11-05 20:43:33,865 - __main__ - INFO - ============================================================
2025-11-05 20:43:33,865 - __main__ - INFO - テストデータを生成中...
2025-11-05 20:43:33,865 - __main__ - INFO - ============================================================
2025-11-05 20:43:33,866 - __main__ - INFO - 生成されたデータ:
2025-11-05 20:43:33,866 - __main__ - INFO -   ニックネーム: Tom
2025-11-05 20:43:33,866 - __main__ - INFO -   姓名: 田中 花子
2025-11-05 20:43:33,866 - __main__ - INFO -   郵便番号: 320-0802
2025-11-05 20:43:33,866 - __main__ - INFO -   住所: 栃木県宇都宮市江野町
2025-11-05 20:43:33,866 - __main__ - INFO - ============================================================
2025-11-05 20:43:33,866 - __main__ - INFO - 捨てメアドで期限つきアドレスを作成中...
2025-11-05 20:43:33,866 - __main__ - INFO - ============================================================
2025-11-05 20:43:33,868 - src.temp_mail - INFO - 捨てメアドサイトにアクセス中...
2025-11-05 20:43:42,281 - src.temp_mail - INFO - 期限つきの使い捨てアドレスを追加ボタンをクリック...
2025-11-05 20:43:44,549 - src.temp_mail - INFO - 利用規約に同意...
2025-11-05 20:44:04,559 - src.temp_mail - INFO - 捨てメアドサイトにアクセス中...
2025-11-05 20:44:04,562 - src.temp_mail - WARNING - ページが閉じられています。新しいページを作成します...
2025-11-05 20:44:12,092 - src.temp_mail - INFO - 期限つきの使い捨てアドレスを追加ボタンをクリック...
2025-11-05 20:44:14,220 - src.temp_mail - INFO - 利用規約に同意...
2025-11-05 20:44:50,435 - src.temp_mail - INFO - 捨てメアドサイトにアクセス中...
2025-11-05 20:44:58,684 - src.temp_mail - INFO - 期限つきの使い捨てアドレスを追加ボタンをクリック...
2025-11-05 20:45:00,783 - src.temp_mail - INFO - 利用規約に同意...
2025-11-05 20:45:31,819 - __main__ - ERROR - エラーが発生しました: RetryError[<Future at 0x107016630 state=finished raised TimeoutError>]
Traceback (most recent call last):
  File "/Users/kou1904/voteBot/.venv/lib/python3.12/site-packages/tenacity/asyncio/__init__.py", line 114, in __call__
    result = await fn(*args, **kwargs)
             ^^^^^^^^^^^^^^^^^^^^^^^^^
  File "/Users/kou1904/voteBot/src/temp_mail.py", line 64, in create_temporary_address
    await self.page.get_by_role("button", name="はい").click()
  File "/Users/kou1904/voteBot/.venv/lib/python3.12/site-packages/playwright/async_api/_generated.py", line 15497, in click
    await self._impl_obj.click(
  File "/Users/kou1904/voteBot/.venv/lib/python3.12/site-packages/playwright/_impl/_locator.py", line 160, in click
    return await self._frame.click(self._selector, strict=True, **params)
           ^^^^^^^^^^^^^^^^^^^^^^^^^^^^^^^^^^^^^^^^^^^^^^^^^^^^^^^^^^^^^^
  File "/Users/kou1904/voteBot/.venv/lib/python3.12/site-packages/playwright/_impl/_frame.py", line 549, in click
    await self._channel.send("click", self._timeout, locals_to_params(locals()))
  File "/Users/kou1904/voteBot/.venv/lib/python3.12/site-packages/playwright/_impl/_connection.py", line 69, in send
    return await self._connection.wrap_api_call(
           ^^^^^^^^^^^^^^^^^^^^^^^^^^^^^^^^^^^^^
  File "/Users/kou1904/voteBot/.venv/lib/python3.12/site-packages/playwright/_impl/_connection.py", line 558, in wrap_api_call
    raise rewrite_error(error, f"{parsed_st['apiName']}: {error}") from None
playwright._impl._errors.TimeoutError: Locator.click: Timeout 30000ms exceeded.
Call log:
  - waiting for get_by_role("button", name="はい")


The above exception was the direct cause of the following exception:

Traceback (most recent call last):
  File "/Users/kou1904/voteBot/src/main.py", line 122, in run
    email_address = await temp_mail_service.create_temporary_address()
                    ^^^^^^^^^^^^^^^^^^^^^^^^^^^^^^^^^^^^^^^^^^^^^^^^^^
  File "/Users/kou1904/voteBot/.venv/lib/python3.12/site-packages/tenacity/asyncio/__init__.py", line 189, in async_wrapped
    return await copy(fn, *args, **kwargs)
           ^^^^^^^^^^^^^^^^^^^^^^^^^^^^^^^
  File "/Users/kou1904/voteBot/.venv/lib/python3.12/site-packages/tenacity/asyncio/__init__.py", line 111, in __call__
    do = await self.iter(retry_state=retry_state)
         ^^^^^^^^^^^^^^^^^^^^^^^^^^^^^^^^^^^^^^^^
  File "/Users/kou1904/voteBot/.venv/lib/python3.12/site-packages/tenacity/asyncio/__init__.py", line 153, in iter
    result = await action(retry_state)
             ^^^^^^^^^^^^^^^^^^^^^^^^^
  File "/Users/kou1904/voteBot/.venv/lib/python3.12/site-packages/tenacity/_utils.py", line 99, in inner
    return call(*args, **kwargs)
           ^^^^^^^^^^^^^^^^^^^^^
  File "/Users/kou1904/voteBot/.venv/lib/python3.12/site-packages/tenacity/__init__.py", line 421, in exc_check
    raise retry_exc from fut.exception()
tenacity.RetryError: RetryError[<Future at 0x107016630 state=finished raised TimeoutError>]
2025-11-05 20:45:33,839 - __main__ - INFO - ============================================================
2025-11-05 20:45:33,839 - __main__ - INFO - テストデータを生成中...
2025-11-05 20:45:33,839 - __main__ - INFO - ============================================================
2025-11-05 20:45:33,840 - __main__ - INFO - 生成されたデータ:
2025-11-05 20:45:33,840 - __main__ - INFO -   ニックネーム: ナオ
2025-11-05 20:45:33,840 - __main__ - INFO -   姓名: 中村 誠
2025-11-05 20:45:33,840 - __main__ - INFO -   郵便番号: 328-0037
2025-11-05 20:45:33,840 - __main__ - INFO -   住所: 栃木県栃木市倭町
2025-11-05 20:45:33,840 - __main__ - INFO - ============================================================
2025-11-05 20:45:33,840 - __main__ - INFO - 捨てメアドで期限つきアドレスを作成中...
2025-11-05 20:45:33,840 - __main__ - INFO - ============================================================
2025-11-05 20:45:33,841 - src.temp_mail - INFO - 捨てメアドサイトにアクセス中...
2025-11-05 20:45:33,841 - src.temp_mail - WARNING - ページが閉じられています。新しいページを作成します...
2025-11-05 20:45:42,523 - src.temp_mail - INFO - 期限つきの使い捨てアドレスを追加ボタンをクリック...
2025-11-05 20:45:44,799 - src.temp_mail - INFO - 利用規約に同意...
2025-11-05 20:46:20,819 - src.temp_mail - INFO - 捨てメアドサイトにアクセス中...
2025-11-05 20:46:28,371 - src.temp_mail - INFO - 期限つきの使い捨てアドレスを追加ボタンをクリック...
2025-11-05 20:46:30,499 - src.temp_mail - INFO - 利用規約に同意...
2025-11-05 20:47:06,615 - src.temp_mail - INFO - 捨てメアドサイトにアクセス中...
2025-11-05 20:47:14,697 - src.temp_mail - INFO - 期限つきの使い捨てアドレスを追加ボタンをクリック...
2025-11-05 20:47:16,970 - src.temp_mail - INFO - 利用規約に同意...
2025-11-05 20:47:48,018 - __main__ - ERROR - エラーが発生しました: RetryError[<Future at 0x107277e90 state=finished raised TimeoutError>]
Traceback (most recent call last):
  File "/Users/kou1904/voteBot/.venv/lib/python3.12/site-packages/tenacity/asyncio/__init__.py", line 114, in __call__
    result = await fn(*args, **kwargs)
             ^^^^^^^^^^^^^^^^^^^^^^^^^
  File "/Users/kou1904/voteBot/src/temp_mail.py", line 64, in create_temporary_address
    await self.page.get_by_role("button", name="はい").click()
  File "/Users/kou1904/voteBot/.venv/lib/python3.12/site-packages/playwright/async_api/_generated.py", line 15497, in click
    await self._impl_obj.click(
  File "/Users/kou1904/voteBot/.venv/lib/python3.12/site-packages/playwright/_impl/_locator.py", line 160, in click
    return await self._frame.click(self._selector, strict=True, **params)
           ^^^^^^^^^^^^^^^^^^^^^^^^^^^^^^^^^^^^^^^^^^^^^^^^^^^^^^^^^^^^^^
  File "/Users/kou1904/voteBot/.venv/lib/python3.12/site-packages/playwright/_impl/_frame.py", line 549, in click
    await self._channel.send("click", self._timeout, locals_to_params(locals()))
  File "/Users/kou1904/voteBot/.venv/lib/python3.12/site-packages/playwright/_impl/_connection.py", line 69, in send
    return await self._connection.wrap_api_call(
           ^^^^^^^^^^^^^^^^^^^^^^^^^^^^^^^^^^^^^
  File "/Users/kou1904/voteBot/.venv/lib/python3.12/site-packages/playwright/_impl/_connection.py", line 558, in wrap_api_call
    raise rewrite_error(error, f"{parsed_st['apiName']}: {error}") from None
playwright._impl._errors.TimeoutError: Locator.click: Timeout 30000ms exceeded.
Call log:
  - waiting for get_by_role("button", name="はい")


The above exception was the direct cause of the following exception:

Traceback (most recent call last):
  File "/Users/kou1904/voteBot/src/main.py", line 122, in run
    email_address = await temp_mail_service.create_temporary_address()
                    ^^^^^^^^^^^^^^^^^^^^^^^^^^^^^^^^^^^^^^^^^^^^^^^^^^
  File "/Users/kou1904/voteBot/.venv/lib/python3.12/site-packages/tenacity/asyncio/__init__.py", line 189, in async_wrapped
    return await copy(fn, *args, **kwargs)
           ^^^^^^^^^^^^^^^^^^^^^^^^^^^^^^^
  File "/Users/kou1904/voteBot/.venv/lib/python3.12/site-packages/tenacity/asyncio/__init__.py", line 111, in __call__
    do = await self.iter(retry_state=retry_state)
         ^^^^^^^^^^^^^^^^^^^^^^^^^^^^^^^^^^^^^^^^
  File "/Users/kou1904/voteBot/.venv/lib/python3.12/site-packages/tenacity/asyncio/__init__.py", line 153, in iter
    result = await action(retry_state)
             ^^^^^^^^^^^^^^^^^^^^^^^^^
  File "/Users/kou1904/voteBot/.venv/lib/python3.12/site-packages/tenacity/_utils.py", line 99, in inner
    return call(*args, **kwargs)
           ^^^^^^^^^^^^^^^^^^^^^
  File "/Users/kou1904/voteBot/.venv/lib/python3.12/site-packages/tenacity/__init__.py", line 421, in exc_check
    raise retry_exc from fut.exception()
tenacity.RetryError: RetryError[<Future at 0x107277e90 state=finished raised TimeoutError>]
2025-11-05 20:47:48,055 - __main__ - ERROR - 致命的なエラーが発生しました: RetryError[<Future at 0x107277920 state=finished raised TargetClosedError>]
Traceback (most recent call last):
  File "/Users/kou1904/voteBot/.venv/lib/python3.12/site-packages/tenacity/asyncio/__init__.py", line 114, in __call__
    result = await fn(*args, **kwargs)
             ^^^^^^^^^^^^^^^^^^^^^^^^^
  File "/Users/kou1904/voteBot/src/main.py", line 169, in run
    # エラー時のスクリーンショット保存
        ^^^^^^^^^^^^^^^^^^^^^^^^^^^^^^^
  File "/Users/kou1904/voteBot/.venv/lib/python3.12/site-packages/playwright/async_api/_generated.py", line 9739, in screenshot
    await self._impl_obj.screenshot(
  File "/Users/kou1904/voteBot/.venv/lib/python3.12/site-packages/playwright/_impl/_page.py", line 818, in screenshot
    encoded_binary = await self._channel.send(
                     ^^^^^^^^^^^^^^^^^^^^^^^^^
  File "/Users/kou1904/voteBot/.venv/lib/python3.12/site-packages/playwright/_impl/_connection.py", line 69, in send
    return await self._connection.wrap_api_call(
           ^^^^^^^^^^^^^^^^^^^^^^^^^^^^^^^^^^^^^
  File "/Users/kou1904/voteBot/.venv/lib/python3.12/site-packages/playwright/_impl/_connection.py", line 558, in wrap_api_call
    raise rewrite_error(error, f"{parsed_st['apiName']}: {error}") from None
playwright._impl._errors.TargetClosedError: Page.screenshot: Target page, context or browser has been closed

The above exception was the direct cause of the following exception:

Traceback (most recent call last):
  File "/Users/kou1904/voteBot/src/main.py", line 182, in main
  File "/Users/kou1904/voteBot/.venv/lib/python3.12/site-packages/tenacity/asyncio/__init__.py", line 189, in async_wrapped
    return await copy(fn, *args, **kwargs)
           ^^^^^^^^^^^^^^^^^^^^^^^^^^^^^^^
  File "/Users/kou1904/voteBot/.venv/lib/python3.12/site-packages/tenacity/asyncio/__init__.py", line 111, in __call__
    do = await self.iter(retry_state=retry_state)
         ^^^^^^^^^^^^^^^^^^^^^^^^^^^^^^^^^^^^^^^^
  File "/Users/kou1904/voteBot/.venv/lib/python3.12/site-packages/tenacity/asyncio/__init__.py", line 153, in iter
    result = await action(retry_state)
             ^^^^^^^^^^^^^^^^^^^^^^^^^
  File "/Users/kou1904/voteBot/.venv/lib/python3.12/site-packages/tenacity/_utils.py", line 99, in inner
    return call(*args, **kwargs)
           ^^^^^^^^^^^^^^^^^^^^^
  File "/Users/kou1904/voteBot/.venv/lib/python3.12/site-packages/tenacity/__init__.py", line 421, in exc_check
    raise retry_exc from fut.exception()
tenacity.RetryError: RetryError[<Future at 0x107277920 state=finished raised TargetClosedError>]
2025-11-05 20:47:48,907 - __main__ - INFO - ブラウザを終了しました
2025-11-05 20:47:49,503 - __main__ - INFO - ブラウザを起動中...
2025-11-05 20:47:51,947 - __main__ - INFO - ブラウザの初期化が完了しました
2025-11-05 20:47:51,947 - __main__ - INFO - ============================================================
2025-11-05 20:47:51,947 - __main__ - INFO - テストデータを生成中...
2025-11-05 20:47:51,947 - __main__ - INFO - ============================================================
2025-11-05 20:47:51,947 - __main__ - INFO - 生成されたデータ:
2025-11-05 20:47:51,947 - __main__ - INFO -   ニックネーム: Yuki
2025-11-05 20:47:51,947 - __main__ - INFO -   姓名: 渡辺 達也
2025-11-05 20:47:51,947 - __main__ - INFO -   郵便番号: 300-0036
2025-11-05 20:47:51,947 - __main__ - INFO -   住所: 茨城県土浦市大和町
2025-11-05 20:47:51,948 - __main__ - INFO - ============================================================
2025-11-05 20:47:51,948 - __main__ - INFO - 捨てメアドで期限つきアドレスを作成中...
2025-11-05 20:47:51,948 - __main__ - INFO - ============================================================
2025-11-05 20:47:51,948 - src.temp_mail - INFO - 捨てメアドサイトにアクセス中...
2025-11-05 20:47:59,734 - src.temp_mail - INFO - 期限つきの使い捨てアドレスを追加ボタンをクリック...
2025-11-05 20:48:01,834 - src.temp_mail - INFO - 利用規約に同意...
2025-11-05 20:48:04,877 - src.temp_mail - INFO - アドレスをコピー...
2025-11-05 20:48:06,942 - src.temp_mail - INFO - 作成されたメールアドレス: ryafehisu@owleyes.ch
2025-11-05 20:48:06,942 - __main__ - INFO - 作成されたメールアドレス: ryafehisu@owleyes.ch
2025-11-05 20:48:08,943 - __main__ - INFO - ============================================================
2025-11-05 20:48:08,944 - __main__ - INFO - TIF Streamingサイトでメールアドレスを登録中...
2025-11-05 20:48:08,944 - __main__ - INFO - ============================================================
2025-11-05 20:48:08,944 - src.registration - INFO - TIF Streaming登録ページにアクセス...
2025-11-05 20:48:08,944 - src.registration - INFO - 現在のURL: https://m.kuku.lu/ja.php#p801
2025-11-05 20:48:08,944 - src.registration - INFO - TIF Streamingサイトに遷移します: https://official.idolfes.com/s/tifst/member/add?ima=0000
2025-11-05 20:48:14,168 - src.registration - INFO - メールアドレスを入力...
2025-11-05 20:48:15,216 - src.registration - INFO - 利用規約に同意...
2025-11-05 20:48:17,295 - src.registration - INFO - 送信ボタンが有効になりました
2025-11-05 20:48:17,295 - src.registration - INFO - メールアドレスを送信...
2025-11-05 20:48:19,047 - src.registration - INFO - メールアドレスの送信が完了しました
2025-11-05 20:48:19,047 - __main__ - INFO - ============================================================
2025-11-05 20:48:19,048 - __main__ - INFO - 検証メールの受信を待機中...
2025-11-05 20:48:19,048 - __main__ - INFO - ============================================================
2025-11-05 20:48:24,057 - src.temp_mail - INFO - 受信トレイにアクセス...
2025-11-05 20:48:57,211 - src.temp_mail - INFO - 受信トレイにアクセス...
2025-11-05 20:49:08,141 - src.temp_mail - INFO - メール受信を確認中... (0秒経過)
2025-11-05 20:49:08,338 - src.temp_mail - INFO - 検証メールを発見しました
2025-11-05 20:49:13,690 - src.temp_mail - INFO - 受信トレイにアクセス...
2025-11-05 20:49:23,483 - src.temp_mail - INFO - メール受信を確認中... (0秒経過)
2025-11-05 20:49:23,526 - src.temp_mail - INFO - 検証メールを発見しました
2025-11-05 20:49:26,656 - __main__ - ERROR - エラーが発生しました: RetryError[<Future at 0x104d48620 state=finished raised Error>]
Traceback (most recent call last):
  File "/Users/kou1904/voteBot/.venv/lib/python3.12/site-packages/tenacity/asyncio/__init__.py", line 114, in __call__
    result = await fn(*args, **kwargs)
             ^^^^^^^^^^^^^^^^^^^^^^^^^
  File "/Users/kou1904/voteBot/src/temp_mail.py", line 171, in wait_for_verification_email
    verification_url = await link.get_attribute("href")
                       ^^^^^^^^^^^^^^^^^^^^^^^^^^^^^^^^
  File "/Users/kou1904/voteBot/.venv/lib/python3.12/site-packages/playwright/async_api/_generated.py", line 16807, in get_attribute
    await self._impl_obj.get_attribute(name=name, timeout=timeout)
  File "/Users/kou1904/voteBot/.venv/lib/python3.12/site-packages/playwright/_impl/_locator.py", line 426, in get_attribute
    return await self._frame.get_attribute(
           ^^^^^^^^^^^^^^^^^^^^^^^^^^^^^^^^
  File "/Users/kou1904/voteBot/.venv/lib/python3.12/site-packages/playwright/_impl/_frame.py", line 709, in get_attribute
    return await self._channel.send(
           ^^^^^^^^^^^^^^^^^^^^^^^^^
  File "/Users/kou1904/voteBot/.venv/lib/python3.12/site-packages/playwright/_impl/_connection.py", line 69, in send
    return await self._connection.wrap_api_call(
           ^^^^^^^^^^^^^^^^^^^^^^^^^^^^^^^^^^^^^
  File "/Users/kou1904/voteBot/.venv/lib/python3.12/site-packages/playwright/_impl/_connection.py", line 558, in wrap_api_call
    raise rewrite_error(error, f"{parsed_st['apiName']}: {error}") from None
playwright._impl._errors.Error: Locator.get_attribute: Error: strict mode violation: get_by_role("link", name="official.idolfes.com") resolved to 2 elements:
    1) <a target="_blank" rel="noreferrer noopener ugc" href="https://gateway.exwa.org/jump.php?c=8rdsD0X5C0TwmhS%2BuI0ZrXthVGH8gimt5Q9O5TAgK%2B%2FR1kfWecU82DjTXYk6esqErC06pph6uXxUfLm1wtG8VmbNGo1NodhyYlL8v7kF72%2BuHL1AYd2Ma06JH3VxE%2BC7l3fSJFysBS39%2BNoVOPGuWiFmrsginy9BtvClH90qau5pcHldN%2FXRQMlCU23D5pI5">https://official.idolfes.com/s/tifst/check/075aa1…</a> aka get_by_role("link", name="https://official.idolfes.com/s/tifst/check/075aa128cdcc768b")
    2) <a target="_blank" rel="noreferrer noopener ugc" href="https://gateway.exwa.org/jump.php?c=8rdsD0X5C0TwmhS%2BuI0ZrXthVGH8gimt5Q9O5TAgK%2B%2FR1kfWecU82DjTXYk6esqErC06pph6uXxUfLm1wtG8VmlvDoGNM4h9BYnatsYh8UnmXHLvLydq3oa3lRzYWZvXNUwTksnhxt7a1L1w2v3o1A%3D%3D">https://official.idolfes.com/s/tifst</a> aka get_by_role("link", name="https://official.idolfes.com/s/tifst", exact=True)

Call log:
  - waiting for locator("iframe[name*=\"area_maildata_iframe\"]").first.content_frame.get_by_role("link", name="official.idolfes.com")


The above exception was the direct cause of the following exception:

Traceback (most recent call last):
  File "/Users/kou1904/voteBot/src/main.py", line 142, in run
    verification_url = await temp_mail_service.wait_for_verification_email()
                       ^^^^^^^^^^^^^^^^^^^^^^^^^^^^^^^^^^^^^^^^^^^^^^^^^^^^^
  File "/Users/kou1904/voteBot/.venv/lib/python3.12/site-packages/tenacity/asyncio/__init__.py", line 189, in async_wrapped
    return await copy(fn, *args, **kwargs)
           ^^^^^^^^^^^^^^^^^^^^^^^^^^^^^^^
  File "/Users/kou1904/voteBot/.venv/lib/python3.12/site-packages/tenacity/asyncio/__init__.py", line 111, in __call__
    do = await self.iter(retry_state=retry_state)
         ^^^^^^^^^^^^^^^^^^^^^^^^^^^^^^^^^^^^^^^^
  File "/Users/kou1904/voteBot/.venv/lib/python3.12/site-packages/tenacity/asyncio/__init__.py", line 153, in iter
    result = await action(retry_state)
             ^^^^^^^^^^^^^^^^^^^^^^^^^
  File "/Users/kou1904/voteBot/.venv/lib/python3.12/site-packages/tenacity/_utils.py", line 99, in inner
    return call(*args, **kwargs)
           ^^^^^^^^^^^^^^^^^^^^^
  File "/Users/kou1904/voteBot/.venv/lib/python3.12/site-packages/tenacity/__init__.py", line 421, in exc_check
    raise retry_exc from fut.exception()
tenacity.RetryError: RetryError[<Future at 0x104d48620 state=finished raised Error>]
2025-11-05 20:49:26,967 - __main__ - INFO - エラー時のスクリーンショットを保存しました: error_screenshot.png
2025-11-05 20:49:28,969 - __main__ - INFO - ============================================================
2025-11-05 20:49:28,970 - __main__ - INFO - テストデータを生成中...
2025-11-05 20:49:28,970 - __main__ - INFO - ============================================================
2025-11-05 20:49:28,971 - __main__ - INFO - 生成されたデータ:
2025-11-05 20:49:28,971 - __main__ - INFO -   ニックネーム: guest789
2025-11-05 20:49:28,971 - __main__ - INFO -   姓名: 山口 誠
2025-11-05 20:49:28,971 - __main__ - INFO -   郵便番号: 370-0849
2025-11-05 20:49:28,971 - __main__ - INFO -   住所: 群馬県高崎市八島町
2025-11-05 20:49:28,971 - __main__ - INFO - ============================================================
2025-11-05 20:49:28,971 - __main__ - INFO - 捨てメアドで期限つきアドレスを作成中...
2025-11-05 20:49:28,971 - __main__ - INFO - ============================================================
2025-11-05 20:49:28,971 - src.temp_mail - INFO - 捨てメアドサイトにアクセス中...
2025-11-05 20:49:36,961 - src.temp_mail - INFO - 期限つきの使い捨てアドレスを追加ボタンをクリック...
2025-11-05 20:49:39,082 - src.temp_mail - INFO - 利用規約に同意...
2025-11-05 20:50:12,516 - __main__ - INFO - ブラウザを起動中...
2025-11-05 20:50:17,632 - __main__ - INFO - ブラウザの初期化が完了しました
2025-11-05 20:50:17,634 - __main__ - INFO - ============================================================
2025-11-05 20:50:17,634 - __main__ - INFO - テストデータを生成中...
2025-11-05 20:50:17,634 - __main__ - INFO - ============================================================
2025-11-05 20:50:17,635 - __main__ - INFO - 生成されたデータ:
2025-11-05 20:50:17,635 - __main__ - INFO -   ニックネーム: Dai
2025-11-05 20:50:17,635 - __main__ - INFO -   姓名: 木村 雄大
2025-11-05 20:50:17,635 - __main__ - INFO -   郵便番号: 323-0023
2025-11-05 20:50:17,635 - __main__ - INFO -   住所: 栃木県小山市中央町
2025-11-05 20:50:17,635 - __main__ - INFO - ============================================================
2025-11-05 20:50:17,635 - __main__ - INFO - 捨てメアドで期限つきアドレスを作成中...
2025-11-05 20:50:17,635 - __main__ - INFO - ============================================================
2025-11-05 20:50:17,635 - src.temp_mail - INFO - 捨てメアドサイトにアクセス中...
2025-11-05 20:50:25,499 - src.temp_mail - INFO - 期限つきの使い捨てアドレスを追加ボタンをクリック...
2025-11-05 20:50:27,742 - src.temp_mail - INFO - 利用規約に同意...
2025-11-05 20:50:30,779 - src.temp_mail - INFO - アドレスをコピー...
2025-11-05 20:50:32,829 - src.temp_mail - INFO - 作成されたメールアドレス: tutoba@heisei.be
2025-11-05 20:50:32,830 - __main__ - INFO - 作成されたメールアドレス: tutoba@heisei.be
2025-11-05 20:50:34,832 - __main__ - INFO - ============================================================
2025-11-05 20:50:34,835 - __main__ - INFO - TIF Streamingサイトでメールアドレスを登録中...
2025-11-05 20:50:34,835 - __main__ - INFO - ============================================================
2025-11-05 20:50:34,836 - src.registration - INFO - TIF Streaming登録ページにアクセス...
2025-11-05 20:50:34,836 - src.registration - INFO - 現在のURL: https://m.kuku.lu/ja.php#p65
2025-11-05 20:50:34,836 - src.registration - INFO - TIF Streamingサイトに遷移します: https://official.idolfes.com/s/tifst/member/add?ima=0000
2025-11-05 20:50:39,818 - src.registration - INFO - メールアドレスを入力...
2025-11-05 20:50:40,872 - src.registration - INFO - 利用規約に同意...
2025-11-05 20:50:42,936 - src.registration - INFO - 送信ボタンが有効になりました
2025-11-05 20:50:42,936 - src.registration - INFO - メールアドレスを送信...
2025-11-05 20:50:44,433 - src.registration - INFO - メールアドレスの送信が完了しました
2025-11-05 20:50:44,434 - __main__ - INFO - ============================================================
2025-11-05 20:50:44,434 - __main__ - INFO - 検証メールの受信を待機中...
2025-11-05 20:50:44,434 - __main__ - INFO - ============================================================
2025-11-05 20:50:49,436 - src.temp_mail - INFO - 受信トレイにアクセス...
2025-11-05 20:50:54,516 - src.temp_mail - INFO - メール受信を確認中... (0秒経過)
2025-11-05 20:50:54,549 - src.temp_mail - INFO - 検証メールを発見しました
2025-11-05 20:50:59,719 - src.temp_mail - INFO - 受信トレイにアクセス...
2025-11-05 20:51:32,751 - src.temp_mail - INFO - 受信トレイにアクセス...
2025-11-05 20:52:03,826 - __main__ - ERROR - エラーが発生しました: RetryError[<Future at 0x102d75520 state=finished raised TimeoutError>]
Traceback (most recent call last):
  File "/Users/kou1904/voteBot/.venv/lib/python3.12/site-packages/tenacity/asyncio/__init__.py", line 114, in __call__
    result = await fn(*args, **kwargs)
             ^^^^^^^^^^^^^^^^^^^^^^^^^
  File "/Users/kou1904/voteBot/src/temp_mail.py", line 115, in wait_for_verification_email
    await self.page.goto("https://m.kuku.lu/recv.php", wait_until="networkidle")
  File "/Users/kou1904/voteBot/.venv/lib/python3.12/site-packages/playwright/async_api/_generated.py", line 8992, in goto
    await self._impl_obj.goto(
  File "/Users/kou1904/voteBot/.venv/lib/python3.12/site-packages/playwright/_impl/_page.py", line 556, in goto
    return await self._main_frame.goto(**locals_to_params(locals()))
           ^^^^^^^^^^^^^^^^^^^^^^^^^^^^^^^^^^^^^^^^^^^^^^^^^^^^^^^^^
  File "/Users/kou1904/voteBot/.venv/lib/python3.12/site-packages/playwright/_impl/_frame.py", line 153, in goto
    await self._channel.send(
  File "/Users/kou1904/voteBot/.venv/lib/python3.12/site-packages/playwright/_impl/_connection.py", line 69, in send
    return await self._connection.wrap_api_call(
           ^^^^^^^^^^^^^^^^^^^^^^^^^^^^^^^^^^^^^
  File "/Users/kou1904/voteBot/.venv/lib/python3.12/site-packages/playwright/_impl/_connection.py", line 558, in wrap_api_call
    raise rewrite_error(error, f"{parsed_st['apiName']}: {error}") from None
playwright._impl._errors.TimeoutError: Page.goto: Timeout 30000ms exceeded.
Call log:
  - navigating to "https://m.kuku.lu/recv.php", waiting until "networkidle"


The above exception was the direct cause of the following exception:

Traceback (most recent call last):
  File "/Users/kou1904/voteBot/src/main.py", line 142, in run
    verification_url = await temp_mail_service.wait_for_verification_email()
                       ^^^^^^^^^^^^^^^^^^^^^^^^^^^^^^^^^^^^^^^^^^^^^^^^^^^^^
  File "/Users/kou1904/voteBot/.venv/lib/python3.12/site-packages/tenacity/asyncio/__init__.py", line 189, in async_wrapped
    return await copy(fn, *args, **kwargs)
           ^^^^^^^^^^^^^^^^^^^^^^^^^^^^^^^
  File "/Users/kou1904/voteBot/.venv/lib/python3.12/site-packages/tenacity/asyncio/__init__.py", line 111, in __call__
    do = await self.iter(retry_state=retry_state)
         ^^^^^^^^^^^^^^^^^^^^^^^^^^^^^^^^^^^^^^^^
  File "/Users/kou1904/voteBot/.venv/lib/python3.12/site-packages/tenacity/asyncio/__init__.py", line 153, in iter
    result = await action(retry_state)
             ^^^^^^^^^^^^^^^^^^^^^^^^^
  File "/Users/kou1904/voteBot/.venv/lib/python3.12/site-packages/tenacity/_utils.py", line 99, in inner
    return call(*args, **kwargs)
           ^^^^^^^^^^^^^^^^^^^^^
  File "/Users/kou1904/voteBot/.venv/lib/python3.12/site-packages/tenacity/__init__.py", line 421, in exc_check
    raise retry_exc from fut.exception()
tenacity.RetryError: RetryError[<Future at 0x102d75520 state=finished raised TimeoutError>]
2025-11-05 20:52:04,558 - __main__ - INFO - エラー時のスクリーンショットを保存しました: error_screenshot.png
2025-11-05 20:52:06,564 - __main__ - INFO - ============================================================
2025-11-05 20:52:06,566 - __main__ - INFO - テストデータを生成中...
2025-11-05 20:52:06,567 - __main__ - INFO - ============================================================
2025-11-05 20:52:06,569 - __main__ - INFO - 生成されたデータ:
2025-11-05 20:52:06,575 - __main__ - INFO -   ニックネーム: Yuki
2025-11-05 20:52:06,577 - __main__ - INFO -   姓名: 山本 健二
2025-11-05 20:52:06,578 - __main__ - INFO -   郵便番号: 220-0011
2025-11-05 20:52:06,578 - __main__ - INFO -   住所: 神奈川県横浜市西区高島
2025-11-05 20:52:06,578 - __main__ - INFO - ============================================================
2025-11-05 20:52:06,579 - __main__ - INFO - 捨てメアドで期限つきアドレスを作成中...
2025-11-05 20:52:06,579 - __main__ - INFO - ============================================================
2025-11-05 20:52:06,580 - src.temp_mail - INFO - 捨てメアドサイトにアクセス中...
2025-11-05 20:52:14,332 - src.temp_mail - INFO - 期限つきの使い捨てアドレスを追加ボタンをクリック...
2025-11-05 20:52:16,738 - src.temp_mail - INFO - 利用規約に同意...
2025-11-05 20:52:52,899 - src.temp_mail - INFO - 捨てメアドサイトにアクセス中...
2025-11-05 20:53:01,254 - src.temp_mail - INFO - 期限つきの使い捨てアドレスを追加ボタンをクリック...
2025-11-05 20:53:03,326 - src.temp_mail - INFO - 利用規約に同意...
2025-11-05 20:53:39,363 - src.temp_mail - INFO - 捨てメアドサイトにアクセス中...
2025-11-05 20:53:46,505 - src.temp_mail - INFO - 期限つきの使い捨てアドレスを追加ボタンをクリック...
2025-11-05 20:53:48,578 - src.temp_mail - INFO - 利用規約に同意...
2025-11-05 20:54:19,736 - __main__ - ERROR - エラーが発生しました: RetryError[<Future at 0x10489ffb0 state=finished raised TimeoutError>]
Traceback (most recent call last):
  File "/Users/kou1904/voteBot/.venv/lib/python3.12/site-packages/tenacity/asyncio/__init__.py", line 114, in __call__
    result = await fn(*args, **kwargs)
             ^^^^^^^^^^^^^^^^^^^^^^^^^
  File "/Users/kou1904/voteBot/src/temp_mail.py", line 64, in create_temporary_address
    await self.page.get_by_role("button", name="はい").click()
  File "/Users/kou1904/voteBot/.venv/lib/python3.12/site-packages/playwright/async_api/_generated.py", line 15497, in click
    await self._impl_obj.click(
  File "/Users/kou1904/voteBot/.venv/lib/python3.12/site-packages/playwright/_impl/_locator.py", line 160, in click
    return await self._frame.click(self._selector, strict=True, **params)
           ^^^^^^^^^^^^^^^^^^^^^^^^^^^^^^^^^^^^^^^^^^^^^^^^^^^^^^^^^^^^^^
  File "/Users/kou1904/voteBot/.venv/lib/python3.12/site-packages/playwright/_impl/_frame.py", line 549, in click
    await self._channel.send("click", self._timeout, locals_to_params(locals()))
  File "/Users/kou1904/voteBot/.venv/lib/python3.12/site-packages/playwright/_impl/_connection.py", line 69, in send
    return await self._connection.wrap_api_call(
           ^^^^^^^^^^^^^^^^^^^^^^^^^^^^^^^^^^^^^
  File "/Users/kou1904/voteBot/.venv/lib/python3.12/site-packages/playwright/_impl/_connection.py", line 558, in wrap_api_call
    raise rewrite_error(error, f"{parsed_st['apiName']}: {error}") from None
playwright._impl._errors.TimeoutError: Locator.click: Timeout 30000ms exceeded.
Call log:
  - waiting for get_by_role("button", name="はい")


The above exception was the direct cause of the following exception:

Traceback (most recent call last):
  File "/Users/kou1904/voteBot/src/main.py", line 122, in run
    email_address = await temp_mail_service.create_temporary_address()
                    ^^^^^^^^^^^^^^^^^^^^^^^^^^^^^^^^^^^^^^^^^^^^^^^^^^
  File "/Users/kou1904/voteBot/.venv/lib/python3.12/site-packages/tenacity/asyncio/__init__.py", line 189, in async_wrapped
    return await copy(fn, *args, **kwargs)
           ^^^^^^^^^^^^^^^^^^^^^^^^^^^^^^^
  File "/Users/kou1904/voteBot/.venv/lib/python3.12/site-packages/tenacity/asyncio/__init__.py", line 111, in __call__
    do = await self.iter(retry_state=retry_state)
         ^^^^^^^^^^^^^^^^^^^^^^^^^^^^^^^^^^^^^^^^
  File "/Users/kou1904/voteBot/.venv/lib/python3.12/site-packages/tenacity/asyncio/__init__.py", line 153, in iter
    result = await action(retry_state)
             ^^^^^^^^^^^^^^^^^^^^^^^^^
  File "/Users/kou1904/voteBot/.venv/lib/python3.12/site-packages/tenacity/_utils.py", line 99, in inner
    return call(*args, **kwargs)
           ^^^^^^^^^^^^^^^^^^^^^
  File "/Users/kou1904/voteBot/.venv/lib/python3.12/site-packages/tenacity/__init__.py", line 421, in exc_check
    raise retry_exc from fut.exception()
tenacity.RetryError: RetryError[<Future at 0x10489ffb0 state=finished raised TimeoutError>]
2025-11-05 20:56:25,298 - __main__ - INFO - ブラウザを起動中...
2025-11-05 20:56:29,671 - __main__ - INFO - ブラウザの初期化が完了しました
2025-11-05 20:56:29,672 - __main__ - INFO - ============================================================
2025-11-05 20:56:29,672 - __main__ - INFO - テストデータを生成中...
2025-11-05 20:56:29,673 - __main__ - INFO - ============================================================
2025-11-05 20:56:29,673 - __main__ - INFO - 生成されたデータ:
2025-11-05 20:56:29,673 - __main__ - INFO -   ニックネーム: Hiro
2025-11-05 20:56:29,673 - __main__ - INFO -   姓名: 井上 翔
2025-11-05 20:56:29,673 - __main__ - INFO -   郵便番号: 320-0802
2025-11-05 20:56:29,673 - __main__ - INFO -   住所: 栃木県宇都宮市江野町
2025-11-05 20:56:29,673 - __main__ - INFO - ============================================================
2025-11-05 20:56:29,673 - __main__ - INFO - 捨てメアドで期限つきアドレスを作成中...
2025-11-05 20:56:29,673 - __main__ - INFO - ============================================================
2025-11-05 20:56:29,673 - src.temp_mail - INFO - 捨てメアドサイトにアクセス中...
2025-11-05 20:56:37,880 - src.temp_mail - INFO - 期限つきの使い捨てアドレスを追加ボタンをクリック...
2025-11-05 20:56:40,032 - src.temp_mail - INFO - 利用規約に同意...
2025-11-05 20:56:43,057 - src.temp_mail - INFO - アドレスをコピー...
2025-11-05 20:56:45,111 - src.temp_mail - INFO - 作成されたメールアドレス: zipogo185@digdig.org
2025-11-05 20:56:45,112 - __main__ - INFO - 作成されたメールアドレス: zipogo185@digdig.org
2025-11-05 20:56:47,113 - __main__ - INFO - ============================================================
2025-11-05 20:56:47,114 - __main__ - INFO - TIF Streamingサイトでメールアドレスを登録中...
2025-11-05 20:56:47,114 - __main__ - INFO - ============================================================
2025-11-05 20:56:47,114 - src.registration - INFO - TIF Streaming登録ページにアクセス...
2025-11-05 20:56:47,114 - src.registration - INFO - 現在のURL: https://m.kuku.lu/ja.php#p547
2025-11-05 20:56:47,114 - src.registration - INFO - TIF Streamingサイトに遷移します: https://official.idolfes.com/s/tifst/member/add?ima=0000
2025-11-05 20:56:51,740 - src.registration - INFO - メールアドレスを入力...
2025-11-05 20:56:52,806 - src.registration - INFO - 利用規約に同意...
2025-11-05 20:56:54,959 - src.registration - INFO - 送信ボタンが有効になりました
2025-11-05 20:56:54,959 - src.registration - INFO - メールアドレスを送信...
2025-11-05 20:56:56,287 - src.registration - INFO - メールアドレスの送信が完了しました（URL変化を検出）
2025-11-05 20:56:56,288 - __main__ - INFO - ============================================================
2025-11-05 20:56:56,288 - __main__ - INFO - 検証メールの受信を待機中...
2025-11-05 20:56:56,288 - __main__ - INFO - ============================================================
2025-11-05 20:57:01,290 - src.temp_mail - INFO - 受信トレイにアクセス...
2025-11-05 20:57:34,371 - src.temp_mail - INFO - 受信トレイにアクセス...
2025-11-05 20:57:44,005 - src.temp_mail - INFO - メール受信を確認中... (0秒経過)
2025-11-05 20:57:44,052 - src.temp_mail - INFO - 検証メールを発見しました
2025-11-05 20:57:48,303 - src.temp_mail - INFO - 検証URL: https://official.idolfes.com/s/tifst/check/94d0f42c38c99431
2025-11-05 20:57:48,305 - __main__ - INFO - 検証URL: https://official.idolfes.com/s/tifst/check/94d0f42c38c99431
2025-11-05 20:57:52,659 - __main__ - INFO - ============================================================
2025-11-05 20:57:52,660 - __main__ - INFO - 会員情報を入力中...
2025-11-05 20:57:52,661 - __main__ - INFO - ============================================================
2025-11-05 20:57:52,664 - src.registration - INFO - 会員情報入力フォームに入力中...
2025-11-05 20:58:46,736 - src.registration - INFO - 会員情報入力フォームに入力中...
2025-11-05 20:59:10,431 - src.registration - INFO - 会員情報入力フォームに入力中...
2025-11-05 20:59:10,447 - __main__ - ERROR - エラーが発生しました: RetryError[<Future at 0x113999450 state=finished raised TargetClosedError>]
Traceback (most recent call last):
  File "/Users/kou1904/.pyenv/versions/3.11.0/lib/python3.11/site-packages/tenacity/asyncio/__init__.py", line 114, in __call__
    result = await fn(*args, **kwargs)
             ^^^^^^^^^^^^^^^^^^^^^^^^^
  File "/Users/kou1904/.cursor/worktrees/voteBot/R1AYX/src/registration.py", line 188, in fill_registration_form
    await password_input.fill(password)
  File "/Users/kou1904/.pyenv/versions/3.11.0/lib/python3.11/site-packages/playwright/async_api/_generated.py", line 15787, in fill
    await self._impl_obj.fill(
  File "/Users/kou1904/.pyenv/versions/3.11.0/lib/python3.11/site-packages/playwright/_impl/_locator.py", line 212, in fill
    return await self._frame.fill(self._selector, strict=True, **params)
           ^^^^^^^^^^^^^^^^^^^^^^^^^^^^^^^^^^^^^^^^^^^^^^^^^^^^^^^^^^^^^
  File "/Users/kou1904/.pyenv/versions/3.11.0/lib/python3.11/site-packages/playwright/_impl/_frame.py", line 527, in fill
    await self._channel.send("fill", locals_to_params(locals()))
  File "/Users/kou1904/.pyenv/versions/3.11.0/lib/python3.11/site-packages/playwright/_impl/_connection.py", line 61, in send
    return await self._connection.wrap_api_call(
           ^^^^^^^^^^^^^^^^^^^^^^^^^^^^^^^^^^^^^
  File "/Users/kou1904/.pyenv/versions/3.11.0/lib/python3.11/site-packages/playwright/_impl/_connection.py", line 528, in wrap_api_call
    raise rewrite_error(error, f"{parsed_st['apiName']}: {error}") from None
playwright._impl._errors.TargetClosedError: Locator.fill: Target page, context or browser has been closed

The above exception was the direct cause of the following exception:

Traceback (most recent call last):
  File "/Users/kou1904/.cursor/worktrees/voteBot/R1AYX/src/main.py", line 160, in run
    await registration_service.fill_registration_form(test_data, password)
  File "/Users/kou1904/.pyenv/versions/3.11.0/lib/python3.11/site-packages/tenacity/asyncio/__init__.py", line 189, in async_wrapped
    return await copy(fn, *args, **kwargs)
           ^^^^^^^^^^^^^^^^^^^^^^^^^^^^^^^
  File "/Users/kou1904/.pyenv/versions/3.11.0/lib/python3.11/site-packages/tenacity/asyncio/__init__.py", line 111, in __call__
    do = await self.iter(retry_state=retry_state)
         ^^^^^^^^^^^^^^^^^^^^^^^^^^^^^^^^^^^^^^^^
  File "/Users/kou1904/.pyenv/versions/3.11.0/lib/python3.11/site-packages/tenacity/asyncio/__init__.py", line 153, in iter
    result = await action(retry_state)
             ^^^^^^^^^^^^^^^^^^^^^^^^^
  File "/Users/kou1904/.pyenv/versions/3.11.0/lib/python3.11/site-packages/tenacity/_utils.py", line 99, in inner
    return call(*args, **kwargs)
           ^^^^^^^^^^^^^^^^^^^^^
  File "/Users/kou1904/.pyenv/versions/3.11.0/lib/python3.11/site-packages/tenacity/__init__.py", line 419, in exc_check
    raise retry_exc from fut.exception()
tenacity.RetryError: RetryError[<Future at 0x113999450 state=finished raised TargetClosedError>]
2025-11-05 20:59:12,460 - __main__ - INFO - ============================================================
2025-11-05 20:59:12,460 - __main__ - INFO - テストデータを生成中...
2025-11-05 20:59:12,460 - __main__ - INFO - ============================================================
2025-11-05 20:59:12,461 - __main__ - INFO - 生成されたデータ:
2025-11-05 20:59:12,461 - __main__ - INFO -   ニックネーム: 太郎
2025-11-05 20:59:12,461 - __main__ - INFO -   姓名: 田中 翔
2025-11-05 20:59:12,462 - __main__ - INFO -   郵便番号: 590-0075
2025-11-05 20:59:12,462 - __main__ - INFO -   住所: 大阪府堺市堺区南花田口町
2025-11-05 20:59:12,462 - __main__ - INFO - ============================================================
2025-11-05 20:59:12,462 - __main__ - INFO - 捨てメアドで期限つきアドレスを作成中...
2025-11-05 20:59:12,462 - __main__ - INFO - ============================================================
2025-11-05 20:59:12,462 - src.temp_mail - INFO - 捨てメアドサイトにアクセス中...
2025-11-05 20:59:12,463 - src.temp_mail - WARNING - ページが閉じられています。新しいページを作成します...
2025-11-05 20:59:20,029 - src.temp_mail - INFO - 期限つきの使い捨てアドレスを追加ボタンをクリック...
2025-11-05 20:59:22,207 - src.temp_mail - INFO - 利用規約に同意...
2025-11-05 20:59:29,805 - __main__ - INFO - ブラウザを起動中...
2025-11-05 20:59:33,080 - __main__ - INFO - ブラウザの初期化が完了しました
2025-11-05 20:59:33,084 - __main__ - INFO - ============================================================
2025-11-05 20:59:33,084 - __main__ - INFO - テストデータを生成中...
2025-11-05 20:59:33,084 - __main__ - INFO - ============================================================
2025-11-05 20:59:33,084 - __main__ - INFO - 生成されたデータ:
2025-11-05 20:59:33,084 - __main__ - INFO -   ニックネーム: ユイ
2025-11-05 20:59:33,085 - __main__ - INFO -   姓名: 井上 誠
2025-11-05 20:59:33,085 - __main__ - INFO -   郵便番号: 306-0023
2025-11-05 20:59:33,085 - __main__ - INFO -   住所: 茨城県古河市本町
2025-11-05 20:59:33,085 - __main__ - INFO - ============================================================
2025-11-05 20:59:33,085 - __main__ - INFO - 捨てメアドで期限つきアドレスを作成中...
2025-11-05 20:59:33,085 - __main__ - INFO - ============================================================
2025-11-05 20:59:33,085 - src.temp_mail - INFO - 捨てメアドサイトにアクセス中...
2025-11-05 20:59:41,282 - src.temp_mail - INFO - 期限つきの使い捨てアドレスを追加ボタンをクリック...
2025-11-05 20:59:49,782 - src.temp_mail - INFO - 捨てメアドサイトにアクセス中...
2025-11-05 20:59:49,785 - src.temp_mail - WARNING - ページが閉じられています。新しいページを作成します...
2025-11-05 20:59:58,140 - src.temp_mail - INFO - 期限つきの使い捨てアドレスを追加ボタンをクリック...
2025-11-05 21:00:03,149 - src.temp_mail - INFO - 捨てメアドサイトにアクセス中...
2025-11-05 21:00:03,153 - src.temp_mail - WARNING - ページが閉じられています。新しいページを作成します...
2025-11-05 21:00:07,046 - src.temp_mail - WARNING - チャレンジ確認中にエラー: Page.title: Target page, context or browser has been closed
2025-11-05 21:00:08,052 - src.temp_mail - WARNING - チャレンジ確認中にエラー: Page.title: Target page, context or browser has been closed
2025-11-05 21:00:09,061 - src.temp_mail - WARNING - チャレンジ確認中にエラー: Page.title: Target page, context or browser has been closed
2025-11-05 21:00:10,065 - src.temp_mail - WARNING - チャレンジ確認中にエラー: Page.title: Target page, context or browser has been closed
2025-11-05 21:00:11,070 - src.temp_mail - WARNING - チャレンジ確認中にエラー: Page.title: Target page, context or browser has been closed
2025-11-05 21:00:12,073 - src.temp_mail - WARNING - チャレンジ確認中にエラー: Page.title: Target page, context or browser has been closed
2025-11-05 21:00:13,077 - src.temp_mail - WARNING - チャレンジ確認中にエラー: Page.title: Target page, context or browser has been closed
2025-11-05 21:00:14,083 - src.temp_mail - WARNING - チャレンジ確認中にエラー: Page.title: Target page, context or browser has been closed
2025-11-05 21:00:15,087 - src.temp_mail - WARNING - チャレンジ確認中にエラー: Page.title: Target page, context or browser has been closed
2025-11-05 21:00:16,207 - src.temp_mail - WARNING - チャレンジ確認中にエラー: Page.title: Target page, context or browser has been closed
2025-11-05 21:00:17,212 - src.temp_mail - WARNING - チャレンジ確認中にエラー: Page.title: Target page, context or browser has been closed
2025-11-05 21:00:18,215 - src.temp_mail - WARNING - チャレンジ確認中にエラー: Page.title: Target page, context or browser has been closed
2025-11-05 21:00:19,231 - src.temp_mail - WARNING - チャレンジ確認中にエラー: Page.title: Target page, context or browser has been closed
2025-11-05 21:00:20,237 - src.temp_mail - WARNING - チャレンジ確認中にエラー: Page.title: Target page, context or browser has been closed
2025-11-05 21:00:21,240 - src.temp_mail - WARNING - チャレンジ確認中にエラー: Page.title: Target page, context or browser has been closed
2025-11-05 21:00:22,273 - src.temp_mail - WARNING - チャレンジ確認中にエラー: Page.title: Target page, context or browser has been closed
2025-11-05 21:00:23,279 - src.temp_mail - WARNING - チャレンジ確認中にエラー: Page.title: Target page, context or browser has been closed
2025-11-05 21:00:24,285 - src.temp_mail - WARNING - チャレンジ確認中にエラー: Page.title: Target page, context or browser has been closed
2025-11-05 21:00:25,289 - src.temp_mail - WARNING - チャレンジ確認中にエラー: Page.title: Target page, context or browser has been closed
2025-11-05 21:00:26,293 - src.temp_mail - WARNING - チャレンジ確認中にエラー: Page.title: Target page, context or browser has been closed
2025-11-05 21:00:27,297 - src.temp_mail - WARNING - チャレンジ確認中にエラー: Page.title: Target page, context or browser has been closed
2025-11-05 21:00:28,305 - src.temp_mail - WARNING - チャレンジ確認中にエラー: Page.title: Target page, context or browser has been closed
2025-11-05 21:00:29,311 - src.temp_mail - WARNING - チャレンジ確認中にエラー: Page.title: Target page, context or browser has been closed
2025-11-05 21:00:30,314 - src.temp_mail - WARNING - チャレンジ確認中にエラー: Page.title: Target page, context or browser has been closed
2025-11-05 21:00:31,318 - src.temp_mail - WARNING - チャレンジ確認中にエラー: Page.title: Target page, context or browser has been closed
2025-11-05 21:00:32,327 - src.temp_mail - WARNING - チャレンジ確認中にエラー: Page.title: Target page, context or browser has been closed
2025-11-05 21:00:33,331 - src.temp_mail - WARNING - チャレンジ確認中にエラー: Page.title: Target page, context or browser has been closed
2025-11-05 21:00:34,335 - src.temp_mail - WARNING - チャレンジ確認中にエラー: Page.title: Target page, context or browser has been closed
2025-11-05 21:00:35,399 - src.temp_mail - WARNING - チャレンジ確認中にエラー: Page.title: Target page, context or browser has been closed
2025-11-05 21:00:36,405 - src.temp_mail - WARNING - チャレンジ確認中にエラー: Page.title: Target page, context or browser has been closed
2025-11-05 21:00:37,409 - src.temp_mail - WARNING - チャレンジ確認中にエラー: Page.title: Target page, context or browser has been closed
2025-11-05 21:00:38,413 - src.temp_mail - WARNING - チャレンジ確認中にエラー: Page.title: Target page, context or browser has been closed
2025-11-05 21:00:39,417 - src.temp_mail - WARNING - チャレンジ確認中にエラー: Page.title: Target page, context or browser has been closed
2025-11-05 21:00:40,449 - src.temp_mail - WARNING - チャレンジ確認中にエラー: Page.title: Target page, context or browser has been closed
2025-11-05 21:00:41,462 - src.temp_mail - WARNING - チャレンジ確認中にエラー: Page.title: Target page, context or browser has been closed
2025-11-05 21:00:42,466 - src.temp_mail - WARNING - チャレンジ確認中にエラー: Page.title: Target page, context or browser has been closed
2025-11-05 21:00:43,522 - src.temp_mail - WARNING - チャレンジ確認中にエラー: Page.title: Target page, context or browser has been closed
2025-11-05 21:00:44,525 - src.temp_mail - WARNING - チャレンジ確認中にエラー: Page.title: Target page, context or browser has been closed
2025-11-05 21:00:45,532 - src.temp_mail - WARNING - チャレンジ確認中にエラー: Page.title: Target page, context or browser has been closed
2025-11-05 21:00:46,547 - src.temp_mail - WARNING - チャレンジ確認中にエラー: Page.title: Target page, context or browser has been closed
2025-11-05 21:00:47,561 - src.temp_mail - WARNING - チャレンジ確認中にエラー: Page.title: Target page, context or browser has been closed
2025-11-05 21:00:48,565 - src.temp_mail - WARNING - チャレンジ確認中にエラー: Page.title: Target page, context or browser has been closed
2025-11-05 21:00:49,569 - src.temp_mail - WARNING - チャレンジ確認中にエラー: Page.title: Target page, context or browser has been closed
2025-11-05 21:00:50,584 - src.temp_mail - WARNING - チャレンジ確認中にエラー: Page.title: Target page, context or browser has been closed
2025-11-05 21:00:51,593 - src.temp_mail - WARNING - チャレンジ確認中にエラー: Page.title: Target page, context or browser has been closed
2025-11-05 21:00:52,598 - src.temp_mail - WARNING - チャレンジ確認中にエラー: Page.title: Target page, context or browser has been closed
2025-11-05 21:00:53,602 - src.temp_mail - WARNING - チャレンジ確認中にエラー: Page.title: Target page, context or browser has been closed
2025-11-05 21:00:54,615 - src.temp_mail - WARNING - チャレンジ確認中にエラー: Page.title: Target page, context or browser has been closed
2025-11-05 21:00:55,619 - src.temp_mail - WARNING - チャレンジ確認中にエラー: Page.title: Target page, context or browser has been closed
2025-11-05 21:00:56,628 - src.temp_mail - WARNING - チャレンジ確認中にエラー: Page.title: Target page, context or browser has been closed
2025-11-05 21:00:57,634 - src.temp_mail - WARNING - チャレンジ確認中にエラー: Page.title: Target page, context or browser has been closed
2025-11-05 21:00:58,642 - src.temp_mail - WARNING - チャレンジ確認中にエラー: Page.title: Target page, context or browser has been closed
2025-11-05 21:00:59,646 - src.temp_mail - WARNING - チャレンジ確認中にエラー: Page.title: Target page, context or browser has been closed
2025-11-05 21:01:00,651 - src.temp_mail - WARNING - チャレンジ確認中にエラー: Page.title: Target page, context or browser has been closed
2025-11-05 21:01:01,655 - src.temp_mail - WARNING - チャレンジ確認中にエラー: Page.title: Target page, context or browser has been closed
2025-11-05 21:01:02,659 - src.temp_mail - WARNING - チャレンジ確認中にエラー: Page.title: Target page, context or browser has been closed
2025-11-05 21:01:03,665 - src.temp_mail - WARNING - チャレンジ確認中にエラー: Page.title: Target page, context or browser has been closed
2025-11-05 21:01:04,668 - src.temp_mail - WARNING - チャレンジ確認中にエラー: Page.title: Target page, context or browser has been closed
2025-11-05 21:01:05,672 - src.temp_mail - WARNING - チャレンジ確認中にエラー: Page.title: Target page, context or browser has been closed
2025-11-05 21:01:06,676 - src.temp_mail - WARNING - チャレンジ確認中にエラー: Page.title: Target page, context or browser has been closed
2025-11-05 21:01:09,690 - src.temp_mail - INFO - 期限つきの使い捨てアドレスを追加ボタンをクリック...
2025-11-05 21:01:09,697 - __main__ - ERROR - エラーが発生しました: RetryError[<Future at 0x10722a210 state=finished raised TargetClosedError>]
Traceback (most recent call last):
  File "/Users/kou1904/.pyenv/versions/3.11.0/lib/python3.11/site-packages/tenacity/asyncio/__init__.py", line 114, in __call__
    result = await fn(*args, **kwargs)
             ^^^^^^^^^^^^^^^^^^^^^^^^^
  File "/Users/kou1904/.cursor/worktrees/voteBot/R1AYX/src/temp_mail.py", line 58, in create_temporary_address
    await self.page.get_by_role("button", name="期限つきの使い捨てアドレスを追加").click()
  File "/Users/kou1904/.pyenv/versions/3.11.0/lib/python3.11/site-packages/playwright/async_api/_generated.py", line 15460, in click
    await self._impl_obj.click(
  File "/Users/kou1904/.pyenv/versions/3.11.0/lib/python3.11/site-packages/playwright/_impl/_locator.py", line 160, in click
    return await self._frame.click(self._selector, strict=True, **params)
           ^^^^^^^^^^^^^^^^^^^^^^^^^^^^^^^^^^^^^^^^^^^^^^^^^^^^^^^^^^^^^^
  File "/Users/kou1904/.pyenv/versions/3.11.0/lib/python3.11/site-packages/playwright/_impl/_frame.py", line 488, in click
    await self._channel.send("click", locals_to_params(locals()))
  File "/Users/kou1904/.pyenv/versions/3.11.0/lib/python3.11/site-packages/playwright/_impl/_connection.py", line 61, in send
    return await self._connection.wrap_api_call(
           ^^^^^^^^^^^^^^^^^^^^^^^^^^^^^^^^^^^^^
  File "/Users/kou1904/.pyenv/versions/3.11.0/lib/python3.11/site-packages/playwright/_impl/_connection.py", line 528, in wrap_api_call
    raise rewrite_error(error, f"{parsed_st['apiName']}: {error}") from None
playwright._impl._errors.TargetClosedError: Locator.click: Target page, context or browser has been closed

The above exception was the direct cause of the following exception:

Traceback (most recent call last):
  File "/Users/kou1904/.cursor/worktrees/voteBot/R1AYX/src/main.py", line 122, in run
    email_address = await temp_mail_service.create_temporary_address()
                    ^^^^^^^^^^^^^^^^^^^^^^^^^^^^^^^^^^^^^^^^^^^^^^^^^^
  File "/Users/kou1904/.pyenv/versions/3.11.0/lib/python3.11/site-packages/tenacity/asyncio/__init__.py", line 189, in async_wrapped
    return await copy(fn, *args, **kwargs)
           ^^^^^^^^^^^^^^^^^^^^^^^^^^^^^^^
  File "/Users/kou1904/.pyenv/versions/3.11.0/lib/python3.11/site-packages/tenacity/asyncio/__init__.py", line 111, in __call__
    do = await self.iter(retry_state=retry_state)
         ^^^^^^^^^^^^^^^^^^^^^^^^^^^^^^^^^^^^^^^^
  File "/Users/kou1904/.pyenv/versions/3.11.0/lib/python3.11/site-packages/tenacity/asyncio/__init__.py", line 153, in iter
    result = await action(retry_state)
             ^^^^^^^^^^^^^^^^^^^^^^^^^
  File "/Users/kou1904/.pyenv/versions/3.11.0/lib/python3.11/site-packages/tenacity/_utils.py", line 99, in inner
    return call(*args, **kwargs)
           ^^^^^^^^^^^^^^^^^^^^^
  File "/Users/kou1904/.pyenv/versions/3.11.0/lib/python3.11/site-packages/tenacity/__init__.py", line 419, in exc_check
    raise retry_exc from fut.exception()
tenacity.RetryError: RetryError[<Future at 0x10722a210 state=finished raised TargetClosedError>]
2025-11-05 21:01:11,712 - __main__ - INFO - ============================================================
2025-11-05 21:01:11,713 - __main__ - INFO - テストデータを生成中...
2025-11-05 21:01:11,713 - __main__ - INFO - ============================================================
2025-11-05 21:01:11,714 - __main__ - INFO - 生成されたデータ:
2025-11-05 21:01:11,714 - __main__ - INFO -   ニックネーム: player001
2025-11-05 21:01:11,714 - __main__ - INFO -   姓名: 高橋 智子
2025-11-05 21:01:11,714 - __main__ - INFO -   郵便番号: 422-8067
2025-11-05 21:01:11,714 - __main__ - INFO -   住所: 静岡県静岡市駿河区南町
2025-11-05 21:01:11,714 - __main__ - INFO - ============================================================
2025-11-05 21:01:11,714 - __main__ - INFO - 捨てメアドで期限つきアドレスを作成中...
2025-11-05 21:01:11,714 - __main__ - INFO - ============================================================
2025-11-05 21:01:11,714 - src.temp_mail - INFO - 捨てメアドサイトにアクセス中...
2025-11-05 21:01:11,714 - src.temp_mail - WARNING - ページが閉じられています。新しいページを作成します...
2025-11-05 21:01:20,183 - src.temp_mail - INFO - 期限つきの使い捨てアドレスを追加ボタンをクリック...
2025-11-05 21:01:25,189 - src.temp_mail - INFO - 捨てメアドサイトにアクセス中...
2025-11-05 21:01:25,192 - src.temp_mail - WARNING - ページが閉じられています。新しいページを作成します...
2025-11-05 21:01:33,231 - src.temp_mail - INFO - 期限つきの使い捨てアドレスを追加ボタンをクリック...
2025-11-05 21:01:40,033 - src.temp_mail - INFO - 捨てメアドサイトにアクセス中...
2025-11-05 21:01:40,034 - src.temp_mail - WARNING - ページが閉じられています。新しいページを作成します...
2025-11-05 21:01:49,139 - src.temp_mail - INFO - 期限つきの使い捨てアドレスを追加ボタンをクリック...
2025-11-05 21:01:51,249 - src.temp_mail - INFO - 利用規約に同意...
2025-11-05 21:01:54,311 - src.temp_mail - INFO - アドレスをコピー...
2025-11-05 21:01:56,405 - src.temp_mail - INFO - 作成されたメールアドレス: mokyaneryo@instaddr.ch
2025-11-05 21:01:56,406 - __main__ - INFO - 作成されたメールアドレス: mokyaneryo@instaddr.ch
2025-11-05 21:01:58,408 - __main__ - INFO - ============================================================
2025-11-05 21:01:58,408 - __main__ - INFO - TIF Streamingサイトでメールアドレスを登録中...
2025-11-05 21:01:58,408 - __main__ - INFO - ============================================================
2025-11-05 21:01:58,409 - src.registration - INFO - TIF Streaming登録ページにアクセス...
2025-11-05 21:01:58,410 - src.registration - INFO - 現在のURL: https://m.kuku.lu/recaptcha_createaccount.php?ikey=4baa6b64c53107306509641bb04552a1
2025-11-05 21:01:58,410 - src.registration - INFO - TIF Streamingサイトに遷移します: https://official.idolfes.com/s/tifst/member/add?ima=0000
2025-11-05 21:01:58,416 - src.registration - ERROR - ページ遷移に失敗しました: Page.goto: Target page, context or browser has been closed
2025-11-05 21:01:58,416 - src.registration - INFO - ページ遷移を再試行します...
2025-11-05 21:02:02,504 - src.registration - INFO - TIF Streaming登録ページにアクセス...
2025-11-05 21:02:02,506 - src.registration - INFO - 現在のURL: https://m.kuku.lu/recaptcha_createaccount.php?ikey=4baa6b64c53107306509641bb04552a1
2025-11-05 21:02:02,507 - src.registration - INFO - TIF Streamingサイトに遷移します: https://official.idolfes.com/s/tifst/member/add?ima=0000
2025-11-05 21:02:02,515 - src.registration - ERROR - ページ遷移に失敗しました: Page.goto: Target page, context or browser has been closed
2025-11-05 21:02:02,515 - src.registration - INFO - ページ遷移を再試行します...
2025-11-05 21:02:06,526 - src.registration - INFO - TIF Streaming登録ページにアクセス...
2025-11-05 21:02:06,527 - src.registration - INFO - 現在のURL: https://m.kuku.lu/recaptcha_createaccount.php?ikey=4baa6b64c53107306509641bb04552a1
2025-11-05 21:02:06,527 - src.registration - INFO - TIF Streamingサイトに遷移します: https://official.idolfes.com/s/tifst/member/add?ima=0000
2025-11-05 21:02:06,533 - src.registration - ERROR - ページ遷移に失敗しました: Page.goto: Target page, context or browser has been closed
2025-11-05 21:02:06,533 - src.registration - INFO - ページ遷移を再試行します...
2025-11-05 21:02:08,537 - __main__ - ERROR - エラーが発生しました: RetryError[<Future at 0x107200490 state=finished raised TargetClosedError>]
Traceback (most recent call last):
  File "/Users/kou1904/.pyenv/versions/3.11.0/lib/python3.11/site-packages/tenacity/asyncio/__init__.py", line 114, in __call__
    result = await fn(*args, **kwargs)
             ^^^^^^^^^^^^^^^^^^^^^^^^^
  File "/Users/kou1904/.cursor/worktrees/voteBot/R1AYX/src/registration.py", line 43, in submit_email_address
    await self.page.goto(
  File "/Users/kou1904/.pyenv/versions/3.11.0/lib/python3.11/site-packages/playwright/async_api/_generated.py", line 8991, in goto
    await self._impl_obj.goto(
  File "/Users/kou1904/.pyenv/versions/3.11.0/lib/python3.11/site-packages/playwright/_impl/_page.py", line 552, in goto
    return await self._main_frame.goto(**locals_to_params(locals()))
           ^^^^^^^^^^^^^^^^^^^^^^^^^^^^^^^^^^^^^^^^^^^^^^^^^^^^^^^^^
  File "/Users/kou1904/.pyenv/versions/3.11.0/lib/python3.11/site-packages/playwright/_impl/_frame.py", line 145, in goto
    await self._channel.send("goto", locals_to_params(locals()))
  File "/Users/kou1904/.pyenv/versions/3.11.0/lib/python3.11/site-packages/playwright/_impl/_connection.py", line 61, in send
    return await self._connection.wrap_api_call(
           ^^^^^^^^^^^^^^^^^^^^^^^^^^^^^^^^^^^^^
  File "/Users/kou1904/.pyenv/versions/3.11.0/lib/python3.11/site-packages/playwright/_impl/_connection.py", line 528, in wrap_api_call
    raise rewrite_error(error, f"{parsed_st['apiName']}: {error}") from None
playwright._impl._errors.TargetClosedError: Page.goto: Target page, context or browser has been closed

The above exception was the direct cause of the following exception:

Traceback (most recent call last):
  File "/Users/kou1904/.cursor/worktrees/voteBot/R1AYX/src/main.py", line 133, in run
    await registration_service.submit_email_address(email_address)
  File "/Users/kou1904/.pyenv/versions/3.11.0/lib/python3.11/site-packages/tenacity/asyncio/__init__.py", line 189, in async_wrapped
    return await copy(fn, *args, **kwargs)
           ^^^^^^^^^^^^^^^^^^^^^^^^^^^^^^^
  File "/Users/kou1904/.pyenv/versions/3.11.0/lib/python3.11/site-packages/tenacity/asyncio/__init__.py", line 111, in __call__
    do = await self.iter(retry_state=retry_state)
         ^^^^^^^^^^^^^^^^^^^^^^^^^^^^^^^^^^^^^^^^
  File "/Users/kou1904/.pyenv/versions/3.11.0/lib/python3.11/site-packages/tenacity/asyncio/__init__.py", line 153, in iter
    result = await action(retry_state)
             ^^^^^^^^^^^^^^^^^^^^^^^^^
  File "/Users/kou1904/.pyenv/versions/3.11.0/lib/python3.11/site-packages/tenacity/_utils.py", line 99, in inner
    return call(*args, **kwargs)
           ^^^^^^^^^^^^^^^^^^^^^
  File "/Users/kou1904/.pyenv/versions/3.11.0/lib/python3.11/site-packages/tenacity/__init__.py", line 419, in exc_check
    raise retry_exc from fut.exception()
tenacity.RetryError: RetryError[<Future at 0x107200490 state=finished raised TargetClosedError>]
2025-11-05 21:02:10,547 - __main__ - INFO - ============================================================
2025-11-05 21:02:10,548 - __main__ - INFO - テストデータを生成中...
2025-11-05 21:02:10,548 - __main__ - INFO - ============================================================
2025-11-05 21:02:10,549 - __main__ - INFO - 生成されたデータ:
2025-11-05 21:02:10,549 - __main__ - INFO -   ニックネーム: みーちゃん
2025-11-05 21:02:10,549 - __main__ - INFO -   姓名: 加藤 達也
2025-11-05 21:02:10,550 - __main__ - INFO -   郵便番号: 307-0001
2025-11-05 21:02:10,550 - __main__ - INFO -   住所: 茨城県結城市結城
2025-11-05 21:02:10,550 - __main__ - INFO - ============================================================
2025-11-05 21:02:10,550 - __main__ - INFO - 捨てメアドで期限つきアドレスを作成中...
2025-11-05 21:02:10,550 - __main__ - INFO - ============================================================
2025-11-05 21:02:10,550 - src.temp_mail - INFO - 捨てメアドサイトにアクセス中...
2025-11-05 21:02:10,550 - src.temp_mail - WARNING - ページが閉じられています。新しいページを作成します...
2025-11-05 21:02:18,237 - src.temp_mail - INFO - 期限つきの使い捨てアドレスを追加ボタンをクリック...
2025-11-05 21:02:20,346 - src.temp_mail - INFO - 利用規約に同意...
2025-11-05 21:03:33,719 - __main__ - INFO - ブラウザを起動中...
2025-11-05 21:03:37,918 - __main__ - INFO - ブラウザの初期化が完了しました
2025-11-05 21:03:37,928 - __main__ - INFO - ============================================================
2025-11-05 21:03:37,928 - __main__ - INFO - テストデータを生成中...
2025-11-05 21:03:37,928 - __main__ - INFO - ============================================================
2025-11-05 21:03:37,929 - __main__ - INFO - 生成されたデータ:
2025-11-05 21:03:37,929 - __main__ - INFO -   ニックネーム: けんけん
2025-11-05 21:03:37,929 - __main__ - INFO -   姓名: 木村 智子
2025-11-05 21:03:37,929 - __main__ - INFO -   郵便番号: 153-0064
2025-11-05 21:03:37,929 - __main__ - INFO -   住所: 東京都目黒区下目黒
2025-11-05 21:03:37,929 - __main__ - INFO - ============================================================
2025-11-05 21:03:37,929 - __main__ - INFO - 捨てメアドで期限つきアドレスを作成中...
2025-11-05 21:03:37,929 - __main__ - INFO - ============================================================
2025-11-05 21:03:38,063 - src.temp_mail - INFO - 捨てメアドサイトにアクセス中...
2025-11-05 21:03:46,138 - src.temp_mail - INFO - 期限つきの使い捨てアドレスを追加ボタンをクリック...
2025-11-05 21:03:48,237 - src.temp_mail - INFO - 利用規約に同意...
2025-11-05 21:03:51,263 - src.temp_mail - INFO - アドレスをコピー...
2025-11-05 21:03:53,745 - src.temp_mail - INFO - 作成されたメールアドレス: kogyu747@svk.jp
2025-11-05 21:03:53,746 - __main__ - INFO - 作成されたメールアドレス: kogyu747@svk.jp
2025-11-05 21:03:55,748 - __main__ - INFO - ============================================================
2025-11-05 21:03:55,752 - __main__ - INFO - TIF Streamingサイトでメールアドレスを登録中...
2025-11-05 21:03:55,753 - __main__ - INFO - ============================================================
2025-11-05 21:03:55,763 - src.registration - INFO - TIF Streaming登録ページにアクセス...
2025-11-05 21:03:55,765 - src.registration - INFO - 現在のURL: about:blank
2025-11-05 21:03:55,766 - src.registration - INFO - TIF Streamingサイトに遷移します: https://official.idolfes.com/s/tifst/member/add?ima=0000
2025-11-05 21:04:00,448 - src.registration - INFO - メールアドレスを入力...
2025-11-05 21:04:01,501 - src.registration - INFO - 利用規約に同意...
2025-11-05 21:04:03,565 - src.registration - INFO - 送信ボタンが有効になりました
2025-11-05 21:04:03,575 - src.registration - INFO - メールアドレスを送信...
2025-11-05 21:04:05,234 - src.registration - INFO - メールアドレスの送信が完了しました（URL変化を検出）
2025-11-05 21:04:05,234 - __main__ - INFO - ============================================================
2025-11-05 21:04:05,234 - __main__ - INFO - 検証メールの受信を待機中...
2025-11-05 21:04:05,234 - __main__ - INFO - ============================================================
2025-11-05 21:04:10,239 - src.temp_mail - INFO - 受信トレイにアクセス...
2025-11-05 21:04:43,289 - src.temp_mail - INFO - 受信トレイにアクセス...
2025-11-05 21:04:47,630 - src.temp_mail - INFO - メール受信を確認中... (0秒経過)
2025-11-05 21:04:47,680 - src.temp_mail - INFO - 検証メールを発見しました
2025-11-05 21:04:51,790 - src.temp_mail - INFO - 検証URL: https://official.idolfes.com/s/tifst/check/dbc528610566176a
2025-11-05 21:04:51,791 - __main__ - INFO - 検証URL: https://official.idolfes.com/s/tifst/check/dbc528610566176a
2025-11-05 21:04:56,068 - __main__ - INFO - ============================================================
2025-11-05 21:04:56,069 - __main__ - INFO - 会員情報を入力中...
2025-11-05 21:04:56,069 - __main__ - INFO - ============================================================
2025-11-05 21:04:56,070 - src.registration - INFO - 会員情報入力フォームに入力中...
2025-11-05 21:05:49,883 - src.registration - INFO - 会員情報入力フォームに入力中...
2025-11-05 21:06:43,700 - src.registration - INFO - 会員情報入力フォームに入力中...
2025-11-05 21:07:36,882 - __main__ - ERROR - エラーが発生しました: RetryError[<Future at 0x10705bfd0 state=finished raised TimeoutError>]
Traceback (most recent call last):
  File "/Users/kou1904/.pyenv/versions/3.11.0/lib/python3.11/site-packages/tenacity/asyncio/__init__.py", line 114, in __call__
    result = await fn(*args, **kwargs)
             ^^^^^^^^^^^^^^^^^^^^^^^^^
  File "/Users/kou1904/.cursor/worktrees/voteBot/R1AYX/src/registration.py", line 281, in fill_registration_form
    await gender_radio.check()
  File "/Users/kou1904/.pyenv/versions/3.11.0/lib/python3.11/site-packages/playwright/async_api/_generated.py", line 15370, in check
    await self._impl_obj.check(
  File "/Users/kou1904/.pyenv/versions/3.11.0/lib/python3.11/site-packages/playwright/_impl/_locator.py", line 145, in check
    return await self._frame.check(self._selector, strict=True, **params)
           ^^^^^^^^^^^^^^^^^^^^^^^^^^^^^^^^^^^^^^^^^^^^^^^^^^^^^^^^^^^^^^
  File "/Users/kou1904/.pyenv/versions/3.11.0/lib/python3.11/site-packages/playwright/_impl/_frame.py", line 741, in check
    await self._channel.send("check", locals_to_params(locals()))
  File "/Users/kou1904/.pyenv/versions/3.11.0/lib/python3.11/site-packages/playwright/_impl/_connection.py", line 61, in send
    return await self._connection.wrap_api_call(
           ^^^^^^^^^^^^^^^^^^^^^^^^^^^^^^^^^^^^^
  File "/Users/kou1904/.pyenv/versions/3.11.0/lib/python3.11/site-packages/playwright/_impl/_connection.py", line 528, in wrap_api_call
    raise rewrite_error(error, f"{parsed_st['apiName']}: {error}") from None
playwright._impl._errors.TimeoutError: Locator.check: Timeout 30000ms exceeded.
Call log:
  - waiting for locator("input[name=\"13\"][value=\"2\"]")
    - locator resolved to <input name="13" value="2" type="radio" id="CpRadioBtns_13_2" class="CpBaseRadioBtn__input"/>
  - attempting click action
    2 × waiting for element to be visible, enabled and stable
      - element is not visible
    - retrying click action
    - waiting 20ms
    2 × waiting for element to be visible, enabled and stable
      - element is not visible
    - retrying click action
      - waiting 100ms
    58 × waiting for element to be visible, enabled and stable
       - element is not visible
     - retrying click action
       - waiting 500ms


The above exception was the direct cause of the following exception:

Traceback (most recent call last):
  File "/Users/kou1904/.cursor/worktrees/voteBot/R1AYX/src/main.py", line 166, in run
    await registration_service.fill_registration_form(test_data, password)
  File "/Users/kou1904/.pyenv/versions/3.11.0/lib/python3.11/site-packages/tenacity/asyncio/__init__.py", line 189, in async_wrapped
    return await copy(fn, *args, **kwargs)
           ^^^^^^^^^^^^^^^^^^^^^^^^^^^^^^^
  File "/Users/kou1904/.pyenv/versions/3.11.0/lib/python3.11/site-packages/tenacity/asyncio/__init__.py", line 111, in __call__
    do = await self.iter(retry_state=retry_state)
         ^^^^^^^^^^^^^^^^^^^^^^^^^^^^^^^^^^^^^^^^
  File "/Users/kou1904/.pyenv/versions/3.11.0/lib/python3.11/site-packages/tenacity/asyncio/__init__.py", line 153, in iter
    result = await action(retry_state)
             ^^^^^^^^^^^^^^^^^^^^^^^^^
  File "/Users/kou1904/.pyenv/versions/3.11.0/lib/python3.11/site-packages/tenacity/_utils.py", line 99, in inner
    return call(*args, **kwargs)
           ^^^^^^^^^^^^^^^^^^^^^
  File "/Users/kou1904/.pyenv/versions/3.11.0/lib/python3.11/site-packages/tenacity/__init__.py", line 419, in exc_check
    raise retry_exc from fut.exception()
tenacity.RetryError: RetryError[<Future at 0x10705bfd0 state=finished raised TimeoutError>]
2025-11-05 21:07:37,578 - __main__ - INFO - エラー時のスクリーンショットを保存しました: error_screenshot.png
2025-11-05 21:07:39,580 - __main__ - INFO - ============================================================
2025-11-05 21:07:39,580 - __main__ - INFO - テストデータを生成中...
2025-11-05 21:07:39,580 - __main__ - INFO - ============================================================
2025-11-05 21:07:39,581 - __main__ - INFO - 生成されたデータ:
2025-11-05 21:07:39,581 - __main__ - INFO -   ニックネーム: Shin
2025-11-05 21:07:39,581 - __main__ - INFO -   姓名: 山口 大輔
2025-11-05 21:07:39,581 - __main__ - INFO -   郵便番号: 324-0047
2025-11-05 21:07:39,581 - __main__ - INFO -   住所: 栃木県大田原市美原
2025-11-05 21:07:39,581 - __main__ - INFO - ============================================================
2025-11-05 21:07:39,581 - __main__ - INFO - 捨てメアドで期限つきアドレスを作成中...
2025-11-05 21:07:39,581 - __main__ - INFO - ============================================================
2025-11-05 21:07:40,001 - src.temp_mail - INFO - 捨てメアドサイトにアクセス中...
2025-11-05 21:07:48,369 - src.temp_mail - INFO - 期限つきの使い捨てアドレスを追加ボタンをクリック...
2025-11-05 21:07:50,604 - src.temp_mail - INFO - 利用規約に同意...
2025-11-05 21:08:26,620 - src.temp_mail - INFO - 捨てメアドサイトにアクセス中...
2025-11-05 21:09:11,692 - __main__ - INFO - ブラウザを起動中...
2025-11-05 21:09:14,360 - __main__ - INFO - ブラウザの初期化が完了しました
2025-11-05 21:09:14,362 - __main__ - INFO - ============================================================
2025-11-05 21:09:14,362 - __main__ - INFO - テストデータを生成中...
2025-11-05 21:09:14,362 - __main__ - INFO - ============================================================
2025-11-05 21:09:14,362 - __main__ - INFO - 生成されたデータ:
2025-11-05 21:09:14,363 - __main__ - INFO -   ニックネーム: だいちゃん
2025-11-05 21:09:14,363 - __main__ - INFO -   姓名: 伊藤 恵子
2025-11-05 21:09:14,363 - __main__ - INFO -   郵便番号: 102-0072
2025-11-05 21:09:14,364 - __main__ - INFO -   住所: 東京都千代田区飯田橋
2025-11-05 21:09:14,364 - __main__ - INFO - ============================================================
2025-11-05 21:09:14,364 - __main__ - INFO - 捨てメアドで期限つきアドレスを作成中...
2025-11-05 21:09:14,364 - __main__ - INFO - ============================================================
2025-11-05 21:09:14,786 - src.temp_mail - INFO - 捨てメアドサイトにアクセス中...
2025-11-05 21:09:23,350 - src.temp_mail - INFO - 期限つきの使い捨てアドレスを追加ボタンをクリック...
2025-11-05 21:09:25,511 - src.temp_mail - INFO - 利用規約に同意...
2025-11-05 21:09:28,551 - src.temp_mail - INFO - アドレスをコピー...
2025-11-05 21:09:30,616 - src.temp_mail - INFO - 作成されたメールアドレス: seke444@cream.pink
2025-11-05 21:09:30,616 - __main__ - INFO - 作成されたメールアドレス: seke444@cream.pink
2025-11-05 21:09:32,619 - __main__ - INFO - ============================================================
2025-11-05 21:09:32,620 - __main__ - INFO - TIF Streamingサイトでメールアドレスを登録中...
2025-11-05 21:09:32,620 - __main__ - INFO - ============================================================
2025-11-05 21:09:32,621 - src.registration - INFO - TIF Streaming登録ページにアクセス...
2025-11-05 21:09:32,622 - src.registration - INFO - 現在のURL: about:blank
2025-11-05 21:09:32,622 - src.registration - INFO - TIF Streamingサイトに遷移します: https://official.idolfes.com/s/tifst/member/add?ima=0000
2025-11-05 21:09:37,379 - src.registration - INFO - メールアドレスを入力...
2025-11-05 21:09:38,446 - src.registration - INFO - 利用規約に同意...
2025-11-05 21:09:40,563 - src.registration - INFO - 送信ボタンが有効になりました
2025-11-05 21:09:40,563 - src.registration - INFO - メールアドレスを送信...
2025-11-05 21:09:41,924 - src.registration - INFO - メールアドレスの送信が完了しました（URL変化を検出）
2025-11-05 21:09:41,925 - __main__ - INFO - ============================================================
2025-11-05 21:09:41,925 - __main__ - INFO - 検証メールの受信を待機中...
2025-11-05 21:09:41,925 - __main__ - INFO - ============================================================
2025-11-05 21:09:46,928 - src.temp_mail - INFO - 受信トレイにアクセス...
2025-11-05 21:09:51,695 - src.temp_mail - INFO - メール受信を確認中... (0秒経過)
2025-11-05 21:09:51,727 - src.temp_mail - INFO - 検証メールを発見しました
2025-11-05 21:09:55,835 - src.temp_mail - INFO - 検証URL: https://official.idolfes.com/s/tifst/check/3651c0fce69c4606
2025-11-05 21:09:55,836 - __main__ - INFO - 検証URL: https://official.idolfes.com/s/tifst/check/3651c0fce69c4606
2025-11-05 21:10:00,285 - __main__ - INFO - ============================================================
2025-11-05 21:10:00,286 - __main__ - INFO - 会員情報を入力中...
2025-11-05 21:10:00,286 - __main__ - INFO - ============================================================
2025-11-05 21:10:00,290 - src.registration - INFO - 会員情報入力フォームに入力中...
2025-11-05 21:10:23,966 - src.registration - INFO - 送信ボタンをクリック...
2025-11-05 21:10:28,184 - src.registration - INFO - 会員登録が完了しました
2025-11-05 21:10:28,185 - __main__ - INFO - ============================================================
2025-11-05 21:10:28,185 - __main__ - INFO - クリップボード共有サイトに情報を保存中...
2025-11-05 21:10:28,185 - __main__ - INFO - ============================================================
2025-11-05 21:10:28,186 - src.clipboard_share - INFO - クリップボード共有サイトにアクセス...
2025-11-05 21:10:30,175 - src.clipboard_share - WARNING - 入力フィールドが見つかりませんでした
2025-11-05 21:10:30,179 - src.clipboard_share - INFO - 登録情報の保存が完了しました
2025-11-05 21:10:30,179 - __main__ - INFO - ============================================================
2025-11-05 21:10:30,179 - __main__ - INFO - すべての処理が正常に完了しました！
2025-11-05 21:10:30,179 - __main__ - INFO - ============================================================
2025-11-05 21:10:30,549 - __main__ - INFO - ブラウザを終了しました
2025-11-05 21:11:17,666 - __main__ - INFO - ブラウザを起動中...
2025-11-05 21:11:21,330 - __main__ - INFO - ブラウザの初期化が完了しました
2025-11-05 21:11:21,332 - __main__ - INFO - ============================================================
2025-11-05 21:11:21,333 - __main__ - INFO - テストデータを生成中...
2025-11-05 21:11:21,333 - __main__ - INFO - ============================================================
2025-11-05 21:11:21,334 - __main__ - INFO - 生成されたデータ:
2025-11-05 21:11:21,334 - __main__ - INFO -   ニックネーム: たかちゃん
2025-11-05 21:11:21,334 - __main__ - INFO -   姓名: 吉田 浩二
2025-11-05 21:11:21,334 - __main__ - INFO -   郵便番号: 590-0075
2025-11-05 21:11:21,334 - __main__ - INFO -   住所: 大阪府堺市堺区南花田口町
2025-11-05 21:11:21,334 - __main__ - INFO - ============================================================
2025-11-05 21:11:21,334 - __main__ - INFO - 捨てメアドで期限つきアドレスを作成中...
2025-11-05 21:11:21,334 - __main__ - INFO - ============================================================
2025-11-05 21:11:21,415 - src.temp_mail - INFO - 捨てメアドサイトにアクセス中...
2025-11-05 21:11:30,037 - src.temp_mail - INFO - 期限つきの使い捨てアドレスを追加ボタンをクリック...
2025-11-05 21:11:32,567 - src.temp_mail - INFO - 利用規約に同意...
2025-11-05 21:11:35,600 - src.temp_mail - INFO - アドレスをコピー...
2025-11-05 21:11:37,682 - src.temp_mail - INFO - 作成されたメールアドレス: ri354@usbc.be
2025-11-05 21:11:37,683 - __main__ - INFO - 作成されたメールアドレス: ri354@usbc.be
2025-11-05 21:11:39,684 - __main__ - INFO - ============================================================
2025-11-05 21:11:39,685 - __main__ - INFO - TIF Streamingサイトでメールアドレスを登録中...
2025-11-05 21:11:39,685 - __main__ - INFO - ============================================================
2025-11-05 21:11:39,685 - src.registration - INFO - TIF Streaming登録ページにアクセス...
2025-11-05 21:11:39,685 - src.registration - INFO - 現在のURL: about:blank
2025-11-05 21:11:39,685 - src.registration - INFO - TIF Streamingサイトに遷移します: https://official.idolfes.com/s/tifst/member/add?ima=0000
2025-11-05 21:11:44,280 - src.registration - INFO - メールアドレスを入力...
2025-11-05 21:11:45,355 - src.registration - INFO - 利用規約に同意...
2025-11-05 21:11:47,453 - src.registration - INFO - 送信ボタンが有効になりました
2025-11-05 21:11:47,453 - src.registration - INFO - メールアドレスを送信...
2025-11-05 21:11:48,748 - src.registration - INFO - メールアドレスの送信が完了しました（URL変化を検出）
2025-11-05 21:11:48,748 - __main__ - INFO - ============================================================
2025-11-05 21:11:48,748 - __main__ - INFO - 検証メールの受信を待機中...
2025-11-05 21:11:48,748 - __main__ - INFO - ============================================================
2025-11-05 21:11:53,751 - src.temp_mail - INFO - 受信トレイにアクセス...
2025-11-05 21:11:58,352 - src.temp_mail - INFO - メール受信を確認中... (0秒経過)
2025-11-05 21:11:58,374 - src.temp_mail - INFO - 検証メールを発見しました
2025-11-05 21:12:02,454 - src.temp_mail - INFO - 検証URL: https://official.idolfes.com/s/tifst/check/412ab3bd280583e9
2025-11-05 21:12:02,454 - __main__ - INFO - 検証URL: https://official.idolfes.com/s/tifst/check/412ab3bd280583e9
2025-11-05 21:12:06,962 - __main__ - INFO - ============================================================
2025-11-05 21:12:06,962 - __main__ - INFO - 会員情報を入力中...
2025-11-05 21:12:06,963 - __main__ - INFO - ============================================================
2025-11-05 21:12:06,964 - src.registration - INFO - 会員情報入力フォームに入力中...
2025-11-05 21:12:30,449 - src.registration - INFO - 送信ボタンをクリック...
2025-11-05 21:12:34,746 - src.registration - INFO - 会員登録が完了しました
2025-11-05 21:12:34,746 - __main__ - INFO - ============================================================
2025-11-05 21:12:34,746 - __main__ - INFO - クリップボード共有サイトに情報を保存中...
2025-11-05 21:12:34,746 - __main__ - INFO - ============================================================
2025-11-05 21:12:34,746 - src.clipboard_share - INFO - クリップボード共有サイトにアクセス...
2025-11-05 21:12:36,729 - src.clipboard_share - WARNING - 入力フィールドが見つかりませんでした
2025-11-05 21:12:36,735 - src.clipboard_share - INFO - 登録情報の保存が完了しました
2025-11-05 21:12:36,735 - __main__ - INFO - ============================================================
2025-11-05 21:12:36,735 - __main__ - INFO - すべての処理が正常に完了しました！
2025-11-05 21:12:36,735 - __main__ - INFO - ============================================================
2025-11-05 21:12:37,241 - __main__ - INFO - ブラウザを終了しました
2025-11-05 21:21:30,025 - __main__ - INFO - ブラウザを起動中...
2025-11-05 21:21:33,446 - __main__ - INFO - ブラウザの初期化が完了しました
2025-11-05 21:21:33,447 - __main__ - INFO - ============================================================
2025-11-05 21:21:33,447 - __main__ - INFO - テストデータを生成中...
2025-11-05 21:21:33,447 - __main__ - INFO - ============================================================
2025-11-05 21:21:33,447 - __main__ - INFO - 生成されたデータ:
2025-11-05 21:21:33,447 - __main__ - INFO -   ニックネーム: アサシン
2025-11-05 21:21:33,447 - __main__ - INFO -   姓名: 林 陽子
2025-11-05 21:21:33,447 - __main__ - INFO -   郵便番号: 160-0022
2025-11-05 21:21:33,447 - __main__ - INFO -   住所: 東京都新宿区新宿
2025-11-05 21:21:33,447 - __main__ - INFO - ============================================================
2025-11-05 21:21:33,447 - __main__ - INFO - 捨てメアドで期限つきアドレスを作成中...
2025-11-05 21:21:33,447 - __main__ - INFO - ============================================================
2025-11-05 21:21:33,553 - src.temp_mail - INFO - 捨てメアドサイトにアクセス中...
2025-11-05 21:21:41,614 - src.temp_mail - INFO - 期限つきの使い捨てアドレスを追加ボタンをクリック...
2025-11-05 21:21:43,766 - src.temp_mail - INFO - 利用規約に同意...
2025-11-05 21:21:46,831 - src.temp_mail - INFO - アドレスをコピー...
2025-11-05 21:21:48,881 - src.temp_mail - INFO - 作成されたメールアドレス: hagofa469@nagi.be
2025-11-05 21:21:48,881 - __main__ - INFO - 作成されたメールアドレス: hagofa469@nagi.be
2025-11-05 21:21:50,883 - __main__ - INFO - ============================================================
2025-11-05 21:21:50,884 - __main__ - INFO - TIF Streamingサイトでメールアドレスを登録中...
2025-11-05 21:21:50,884 - __main__ - INFO - ============================================================
2025-11-05 21:21:50,884 - src.registration - INFO - TIF Streaming登録ページにアクセス...
2025-11-05 21:21:50,884 - src.registration - INFO - 現在のURL: about:blank
2025-11-05 21:21:50,884 - src.registration - INFO - TIF Streamingサイトに遷移します: https://official.idolfes.com/s/tifst/member/add?ima=0000
2025-11-05 21:21:55,407 - src.registration - INFO - メールアドレスを入力...
2025-11-05 21:21:56,444 - src.registration - INFO - 利用規約に同意...
2025-11-05 21:21:58,594 - src.registration - INFO - 送信ボタンが有効になりました
2025-11-05 21:21:58,595 - src.registration - INFO - メールアドレスを送信...
2025-11-05 21:21:59,902 - src.registration - INFO - メールアドレスの送信が完了しました（URL変化を検出）
2025-11-05 21:21:59,902 - __main__ - INFO - ============================================================
2025-11-05 21:21:59,902 - __main__ - INFO - 検証メールの受信を待機中...
2025-11-05 21:21:59,902 - __main__ - INFO - ============================================================
2025-11-05 21:22:04,905 - src.temp_mail - INFO - 受信トレイにアクセス...
2025-11-05 21:22:09,594 - src.temp_mail - INFO - メール受信を確認中... (0秒経過)
2025-11-05 21:22:09,613 - src.temp_mail - INFO - 検証メールを発見しました
2025-11-05 21:22:13,695 - src.temp_mail - INFO - 検証URL: https://official.idolfes.com/s/tifst/check/2f1f003f30265c3e
2025-11-05 21:22:13,696 - __main__ - INFO - 検証URL: https://official.idolfes.com/s/tifst/check/2f1f003f30265c3e
2025-11-05 21:22:17,878 - __main__ - INFO - ============================================================
2025-11-05 21:22:17,878 - __main__ - INFO - 会員情報を入力中...
2025-11-05 21:22:17,878 - __main__ - INFO - ============================================================
2025-11-05 21:22:17,879 - src.registration - INFO - 会員情報入力フォームに入力中...
2025-11-05 21:22:41,728 - src.registration - INFO - 送信ボタンをクリック...
2025-11-05 21:22:45,977 - src.registration - INFO - 確認画面に遷移しました
2025-11-05 21:22:45,981 - src.registration - INFO - 確認画面で「登録する」ボタンをクリック...
2025-11-05 21:22:50,395 - src.registration - INFO - 会員登録が完了しました
2025-11-05 21:22:50,401 - __main__ - INFO - ============================================================
2025-11-05 21:22:50,417 - __main__ - INFO - CSVファイルにアカウント情報を保存中...
2025-11-05 21:22:50,418 - __main__ - INFO - ============================================================
2025-11-05 21:22:50,424 - src.csv_manager - INFO - CSVファイルを作成します: accounts.csv
2025-11-05 21:22:50,430 - src.csv_manager - INFO - アカウント情報をCSVに保存中: hagofa469@nagi.be
2025-11-05 21:22:50,435 - src.csv_manager - INFO - CSVファイルに保存しました: accounts.csv
2025-11-05 21:22:50,435 - __main__ - INFO - ============================================================
2025-11-05 21:22:50,435 - __main__ - INFO - クリップボード共有サイトに情報を保存中...
2025-11-05 21:22:50,435 - __main__ - INFO - ============================================================
2025-11-05 21:22:50,436 - src.clipboard_share - INFO - クリップボード共有サイトにアクセス...
2025-11-05 21:22:52,463 - src.clipboard_share - WARNING - 入力フィールドが見つかりませんでした
2025-11-05 21:22:52,469 - src.clipboard_share - INFO - 登録情報の保存が完了しました
2025-11-05 21:22:52,469 - __main__ - INFO - ============================================================
2025-11-05 21:22:52,469 - __main__ - INFO - すべての処理が正常に完了しました！
2025-11-05 21:22:52,469 - __main__ - INFO - ============================================================
2025-11-05 21:22:52,870 - __main__ - INFO - ブラウザを終了しました
